0,0,1,2,3,4,5,6,7,8,9,10,11,12,13,14,15,16,17,18,19,20,21,22,23,24,25,26,27,28,29,30,31,32,33,34,35,36,37,38,39,40,41,42,43,44,45,46,47,48,49
0,0.9999999999999999,0.47644121648912435,0.48814016109437236,0.5157859686286004,0.4785870456001359,0.8020426634572874,0.5509944525837629,0.5534673435775119,0.5190700153209442,0.5926031260642559,0.6182278739116738,-0.020648542360540093,-0.031688406726724655,-0.050840933486357716,-0.06665442702864727,0.07708311009873046,0.011705363794210619,0.02608736656839066,-0.01922908322135026,-0.01033022742063316,0.02186841866599521,0.058319548323965034,0.04281734925516864,0.03614604510453487,0.035740298462318874,0.051068057883476445,-0.03578143988755237,-0.029784653654004158,-0.020416815461640092,-0.06908961716071392,0.059513596857405954,0.031453996133072884,0.02510956350531777,0.010759947751137608,0.041884590869297356,0.0880740313668915,0.02900211350874974,0.01653928955355451,0.09598680819619244,0.04066403994756077,0.45715346595294504,-0.15645092576513572,-0.12942716039038982,-0.14071545007180866,-0.12803629683218995,0.43222225053051,0.5513102487003152,0.5324203748313139,0.5273964650503918,0.5843397789740302
1,0.47644121648912435,1.0,0.9707812102246863,0.9665753432888926,0.9745634601500004,0.2732203388452709,0.032521989751827386,0.056143364946826424,-0.010459594524397996,0.07073187929350656,0.4028783319357856,-0.0463027730439133,-0.017815919454734385,-0.03638558846057727,-0.022595467505877938,-0.08367401055087345,0.06385143639174572,0.08422527637816324,0.0641075829965006,0.05422373414229981,0.11928521054560416,0.052390480517336274,0.040520714680875924,0.057074087239700894,0.06667452734794045,0.06362163301907525,0.05893448869042377,0.08950679828736027,0.07616283761496179,0.029773318940762093,-0.07079336890255243,-0.07180996116173083,-0.08066359454505888,-0.05896299361178444,-0.0623620478033919,0.11202174554633085,0.11544099999992596,0.020468295141601638,0.08982912872923161,0.09396792845771858,0.5782308848385007,-0.12735011166704147,-0.09733376499672537,-0.08064896196218838,-0.09545436307647881,-0.028073251329230896,0.10281066437322227,0.052175746282612866,0.05307667938527586,0.08559159796556177
2,0.48814016109437236,0.9707812102246863,1.0,0.9826043034666357,0.989350543087098,0.26511738754730807,0.043989184175788947,0.05507322483545569,-0.007534135544224265,0.07960607677460663,0.36847965057595683,-0.10955151903744881,-0.07291173214705499,-0.09579279514168594,-0.0875657803754623,-0.10816101896029781,0.07183517246828817,0.09046294272924005,0.07899620440171982,0.07114599188572265,0.08979461169572389,0.02183786117014938,0.0074306634001372,0.02580095155124364,0.037264437544851405,0.08135171951591826,0.07752528561434024,0.10987509934539544,0.10072493083293597,0.050025819216054195,-0.10433372002315948,-0.12305366679555303,-0.13381264247523963,-0.11346659427110141,-0.1154847392764778,0.12721368879453698,0.13920858128045208,0.04480707878377333,0.0965067584940714,0.11080121761733946,0.5664829848612591,-0.10815996005454262,-0.0785913527743827,-0.06307936835603753,-0.07511551899587651,-0.038789292944446045,0.10958998339269399,0.05804344209041828,0.062093352829488475,0.09421446290275651
3,0.5157859686286004,0.9665753432888926,0.9826043034666357,0.9999999999999998,0.9880143633388626,0.2633523549220271,0.018421579167892877,0.036129083827129406,-0.026448016032543233,0.05743585398609752,0.3979072310808616,-0.09454468317984331,-0.07185322581164354,-0.09370135660589782,-0.0782983934953998,-0.08087369396117869,0.07037639328543194,0.0901057275676792,0.06545143329651053,0.055560040746355885,0.10423302741001793,0.05432252862506159,0.0439411758213277,0.05291254247952163,0.05833603525352776,0.07719072721547736,0.05394720944792421,0.08953506558966666,0.07847209948502266,0.023683327696031937,-0.0818771078115688,-0.09150128792067429,-0.1060209042766975,-0.08259795421057942,-0.08132367478918741,0.0989391432230889,0.10513342537291392,0.008110058544963404,0.06484654353259692,0.07166683516252796,0.5809243785398632,-0.1372432402180781,-0.11219578265920734,-0.09756363892003451,-0.10785820339105627,-0.009928295645509398,0.1833946586939085,0.11715924865807364,0.12338609513018137,0.1598700458643033
4,0.4785870456001359,0.9745634601500004,0.989350543087098,0.9880143633388626,1.0,0.2478995652255973,0.016313762163787753,0.033113202413320955,-0.029017414001464844,0.05131896895570575,0.38950445046999954,-0.08937967436725677,-0.05524276348674697,-0.07970240726934902,-0.06923566186533535,-0.08646110808992058,0.08388514715571309,0.10315513577414007,0.08641519742369672,0.07613904448800211,0.12804613384159455,0.062254879112563444,0.04988574573264722,0.06848997555845891,0.07379363422477316,0.09103558754164515,0.07947130594125384,0.11035258381351755,0.1030400987583793,0.052838809600575826,-0.10899164501373539,-0.122807837605176,-0.1348771564275969,-0.11497518631075278,-0.11339432111961543,0.13349650507448793,0.14310104707212878,0.048484610200032315,0.10701026098130154,0.11519612613392055,0.5646692528971011,-0.13302215702503728,-0.1047768383252283,-0.0894225512304309,-0.10168014142979481,-0.02146256582971927,0.13155030184089234,0.07297609930945767,0.07852557606721326,0.11188341921685145
5,0.8020426634572874,0.2732203388452709,0.26511738754730807,0.2633523549220271,0.2478995652255973,1.0,0.9005810203199414,0.9068710372534632,0.8702822958302646,0.9233058351640732,0.5918227591884534,0.0848849914353896,0.07825077986477363,0.05536781778070606,0.026136966336462144,-0.006399836204160491,-0.05919587261719889,-0.030052768533112603,-0.0601462716075578,-0.06314746907662183,-0.04757475165356214,-0.011188872762820361,-0.02195482044273975,-0.02601571959459862,-0.028536685635130454,-0.10882815099253879,-0.046640844108596334,-0.08591317285570077,-0.08371621568563056,-0.07285312203781047,0.02786987823519911,0.04314193354136636,0.030992511361076527,0.02156832553742688,0.0436784463077256,0.06901830821329956,-0.012342297578883298,0.0018359786267950753,0.06221383238148324,-9.425183299146865e-05,0.2525894915019486,-0.2029910211800205,-0.17210926603506743,-0.18686385841035963,-0.16734550557404898,0.15253712694379676,0.22081778426747753,0.21086938361140853,0.1992953632333732,0.24519601390919535
6,0.5509944525837629,0.032521989751827386,0.043989184175788947,0.018421579167892877,0.016313762163787753,0.9005810203199414,0.9999999999999999,0.9919721091170496,0.975243062007762,0.9881207221344886,0.3678178984524535,0.045201691220899884,0.04871407820692574,0.030722209866236236,-0.004658632280857551,-0.1044157802286571,-0.1357231405057443,-0.11651950213315983,-0.12125420644830115,-0.1230424993632081,-0.12101018246023795,-0.08769272932812655,-0.09436276482151941,-0.0909804258973223,-0.08749186527425959,-0.18442101227060886,-0.05513708729086216,-0.11962401980808102,-0.1117668524354242,-0.06862753635312871,-0.044049898300502016,-0.005308329776966027,-0.01741333834072568,-0.019078467786719965,-0.0169163200587927,0.0866728968954539,0.0006146773442207747,0.03495836512643843,0.07530722863921237,0.009208129884628678,0.05502250308490762,-0.09770940425578699,-0.06164688256261555,-0.08189667245175097,-0.04846967581658363,0.0397199398125615,-0.011496105027382696,-0.0016073954488419844,-0.014286019728424153,0.01606534302098208
7,0.5534673435775119,0.056143364946826424,0.05507322483545569,0.036129083827129406,0.033113202413320955,0.9068710372534632,0.9919721091170496,0.9999999999999999,0.9715859570303104,0.9837302565933301,0.39471497489226487,0.081404056262691,0.08221222451796605,0.06276155716767944,0.028470335038930605,-0.09297216469049022,-0.13301685735416943,-0.11249797708714115,-0.1206504072159455,-0.12321844925330948,-0.12306081497174264,-0.09284298662815768,-0.09741567797399533,-0.09588591268259655,-0.09472010892028429,-0.1833624619550186,-0.052288229505600685,-0.11836658520423222,-0.11460072180485949,-0.0629515833237168,-0.0013481669667419138,0.04167962192562978,0.03519881882624889,0.03255966113710005,0.032070430401809985,0.07459712762569931,-0.017054768903111677,0.011730454910865301,0.062403317050676754,-0.008246358001963598,0.07339770148749464,-0.09737061237026405,-0.06180668971361456,-0.08000428827903834,-0.047962130743612746,0.022306874770948934,-0.009270261876513211,-0.0037078692692988995,-0.014520114142809636,0.01789523203247298
8,0.5190700153209442,-0.010459594524397996,-0.007534135544224265,-0.026448016032543233,-0.029017414001464844,0.8702822958302646,0.975243062007762,0.9715859570303104,1.0,0.9631624083104289,0.32210358683591445,0.12018035078808549,0.1213384488666226,0.09919711306904032,0.06589199504891094,-0.062088632508221886,-0.14660901157562792,-0.12681053062390488,-0.13192101289118027,-0.13283533206772974,-0.14242790222143262,-0.1332573725669404,-0.13708285291533526,-0.13729725901002138,-0.13831011778491611,-0.17564819591401828,-0.0776605342913883,-0.13567125205013475,-0.12912106398702597,-0.09175550157739283,-0.07606605364268475,-0.03514720004448156,-0.03688941737973093,-0.045130172255750195,-0.042852892219520045,0.11145220928420421,0.02494661218963757,0.05909612484989946,0.10181556678400597,0.027848103876713,0.0028212791936516753,-0.05360186607094076,-0.021021057783674264,-0.039999202459582626,-0.007147257293974945,0.07884230369337655,0.004841117867676622,0.013452735834037917,0.0034994089529130873,0.0325426226095387
9,0.5926031260642559,0.07073187929350656,0.07960607677460663,0.05743585398609752,0.05131896895570575,0.9233058351640732,0.9881207221344886,0.9837302565933301,0.9631624083104289,1.0,0.4077421876748239,0.05001427195296847,0.046708984998993806,0.02941835762915276,-0.0037407930939428774,-0.08245682090251587,-0.12214768232289906,-0.09819491053779321,-0.1075928887469544,-0.110561490077918,-0.09898517908420278,-0.07342026058424309,-0.07689915126084612,-0.0812127305636539,-0.07637144457965414,-0.18656542960485983,-0.06903931807645369,-0.12064740227000606,-0.11708492484007291,-0.08424868814404864,-0.023533967658100265,0.013164733581760358,0.00307900957922279,-0.001975598630546091,0.005335247463164993,0.05025050392748858,-0.033015676284058194,-0.0009066868426647204,0.041555717649226345,-0.022890375497394304,0.08807292650174547,-0.1030745360790867,-0.06365120172545424,-0.08654467440125768,-0.05228095843228694,0.032996867737437804,0.02205708750112767,0.025903164210209436,0.013977905368634047,0.04757170239736056
10,0.6182278739116738,0.4028783319357856,0.36847965057595683,0.3979072310808616,0.38950445046999954,0.5918227591884534,0.3678178984524535,0.39471497489226487,0.32210358683591445,0.4077421876748239,1.0,0.15519935886465153,0.136131263539608,0.11334928788984838,0.10175017878180653,0.3344243307081466,0.31644449753537096,0.3413054481150722,0.27782356038663897,0.2820711411003735,0.3234574152712646,0.24121917240475776,0.26901762446872723,0.23651257774134854,0.23088679137891813,0.08563785836914543,0.023318718287266837,0.012410444821393193,0.007231653744821742,0.04611173502327723,0.2922956134935208,0.25340576710503315,0.23097228146110033,0.21243700936934887,0.2593770368499557,-0.07094300233225886,-0.10616532332484943,-0.14600803773002108,-0.07835061290155779,-0.09637999685249354,0.3699889078864134,-0.2467191767529875,-0.23480697662354852,-0.2269067753596231,-0.22810028501241839,0.14777893802789513,0.4290567804219583,0.4419019898300747,0.4417959225058739,0.4305994973180217
11,-0.020648542360540093,-0.0463027730439133,-0.10955151903744881,-0.09454468317984331,-0.08937967436725677,0.0848849914353896,0.045201691220899884,0.081404056262691,0.12018035078808549,0.05001427195296847,0.15519935886465153,1.0,0.989545893988393,0.9873626592287539,0.9878171275845833,0.48655851629484825,-0.03645166322803088,-0.021105620807189578,-0.043981026120952296,-0.0450864192964498,-0.10047311006718285,-0.08751588035048954,-0.07036215946128675,-0.07670510158257293,-0.08129673395740096,-0.09335766890330634,-0.048454618225082985,-0.07013680333284525,-0.09927459167604637,-0.05927089751625963,-0.05102250941856703,0.04464088906225303,0.04776275674682203,0.0478124431384828,0.03194253173363622,-0.07761087216499853,-0.0854261454236983,-0.07282552390318861,-0.04668624477294136,-0.05972621945418968,-0.10658534019436972,0.016954533971563684,0.045616792058404465,0.05012495902624659,0.0393328830365726,0.08893318257703983,0.06466023414922564,0.06255955256614952,0.0473297972081386,0.025228629138236647
12,-0.031688406726724655,-0.017815919454734385,-0.07291173214705499,-0.07185322581164354,-0.05524276348674697,0.07825077986477363,0.04871407820692574,0.08221222451796605,0.1213384488666226,0.046708984998993806,0.136131263539608,0.989545893988393,1.0,0.9916951100016923,0.985069038635457,0.4675479150037687,-0.0344838211827405,-0.019884912980073922,-0.03266418438159576,-0.03385758752302258,-0.10149576829172549,-0.10506776146119988,-0.09320294693202763,-0.09323776754293599,-0.0908167324023723,-0.0824452932686506,-0.011652054306660574,-0.04136764276879668,-0.06553881862514081,-0.017952757073993072,-0.10088243367376416,-0.009541058049422877,-0.004123899917321882,-0.0036235934090170677,-0.022641806781620546,-0.0525556484786669,-0.054444506504455786,-0.05000159921746061,-0.020274285647133954,-0.03154350588782155,-0.13484218471199455,-0.004668889153138059,0.028495869860281398,0.03260840080329786,0.022294181233068026,0.08633126164977746,0.043549163620748,0.04301233128269971,0.0271358366334463,0.0050961954058298614
13,-0.050840933486357716,-0.03638558846057727,-0.09579279514168594,-0.09370135660589782,-0.07970240726934902,0.05536781778070606,0.030722209866236236,0.06276155716767944,0.09919711306904032,0.02941835762915276,0.11334928788984838,0.9873626592287539,0.9916951100016923,1.0,0.9911315729574717,0.47564840427409394,-0.03356654187201727,-0.022737678209668235,-0.03314381611834655,-0.03132199379652694,-0.09821781439376667,-0.08964615804644058,-0.0768162837378329,-0.07593662813678664,-0.07757774758429085,-0.10216654770591668,-0.02297195151843979,-0.05259929171126902,-0.08221971040071124,-0.036671256730063134,-0.09394710115122415,0.0028096430036696337,0.0064479994143976154,0.007617911383620119,-0.013113563959622763,-0.07724841614469173,-0.08034569947646666,-0.07303411517842144,-0.043697907858258396,-0.0574828823774324,-0.12443033159201822,0.008198996401894152,0.0382443023088911,0.04392954066751686,0.03126256814106131,0.08431777976154167,0.03408748516549643,0.042294642079724415,0.02520857128789077,0.0020966311784353722
14,-0.06665442702864727,-0.022595467505877938,-0.0875657803754623,-0.0782983934953998,-0.06923566186533535,0.026136966336462144,-0.004658632280857551,0.028470335038930605,0.06589199504891094,-0.0037407930939428774,0.10175017878180653,0.9878171275845833,0.985069038635457,0.9911315729574717,1.0,0.4709905653735621,-0.02378366081878484,-0.01150463629991925,-0.026756628148089785,-0.026855558221978697,-0.08480101682278472,-0.07299292174728093,-0.0582215320623119,-0.055221765579337875,-0.05953481533953547,-0.10458069683242442,-0.031079889064048374,-0.055733516976059806,-0.09054993129814512,-0.049559433466564565,-0.07248247073987064,0.02959283050532081,0.030063760549200624,0.035373657857350985,0.011314051244924545,-0.07114664038731885,-0.07214337990405609,-0.06709171755984841,-0.038542799884958595,-0.04747428235120889,-0.10331499649571184,0.01870115105304856,0.04920176458845932,0.05385694343676409,0.041192469021177104,0.06702879581753263,0.018774789334534567,0.02449912894077441,0.009295309873488908,-0.013944268868592185
15,0.07708311009873046,-0.08367401055087345,-0.10816101896029781,-0.08087369396117869,-0.08646110808992058,-0.006399836204160491,-0.1044157802286571,-0.09297216469049022,-0.062088632508221886,-0.08245682090251587,0.3344243307081466,0.48655851629484825,0.4675479150037687,0.47564840427409394,0.4709905653735621,1.0,0.6701072277449874,0.6661168677193539,0.6520072841901986,0.6648350045372752,0.27625483885140584,0.062009913624884457,0.10730679391330732,0.05659404264885475,0.04336398000937128,0.07593305898288473,-0.19018978875119216,-0.1857317297649341,-0.1641966691003137,-0.18301634889992766,0.07706665085171018,-0.04512121932736312,-0.023083090958777433,-0.07092858978222327,-0.02808761303278806,0.043002212244527604,0.05308794354775427,0.06563343676040209,0.09393760747572245,0.07479774727399084,-0.10045551900547078,0.1042915496698574,0.09630262781809466,0.10057754485300409,0.0749082861765787,0.37590316318671435,0.3983094156857293,0.46705314098014084,0.4460810746287644,0.40650991514826684
16,0.011705363794210619,0.06385143639174572,0.07183517246828817,0.07037639328543194,0.08388514715571309,-0.05919587261719889,-0.1357231405057443,-0.13301685735416943,-0.14660901157562792,-0.12214768232289906,0.31644449753537096,-0.03645166322803088,-0.0344838211827405,-0.03356654187201727,-0.02378366081878484,0.6701072277449874,1.0,0.9905996517549598,0.9887207049225474,0.9888887819400153,0.3451179185746552,0.016070980796009163,0.07215035070168126,0.02870609123415707,0.012317404680598954,0.23040307500409046,-0.06150679664008334,-0.06893365047852766,-0.029506313898005895,-0.02630441339157978,0.18393623753276875,-0.05680180510977676,-0.047661251201539585,-0.09704336866658982,-0.028106548374856027,0.08704640081954998,0.11378960795723196,0.09524093480308776,0.1110859529727098,0.10516810150578873,-0.013585795485480293,0.02688980190834374,0.012963917006710363,0.02749508328793062,-0.004576601040621161,0.08938745988681474,0.13173118999475236,0.2061074227792986,0.20012261048651267,0.1692943215154704
17,0.02608736656839066,0.08422527637816324,0.09046294272924005,0.0901057275676792,0.10315513577414007,-0.030052768533112603,-0.11651950213315983,-0.11249797708714115,-0.12681053062390488,-0.09819491053779321,0.3413054481150722,-0.021105620807189578,-0.019884912980073922,-0.022737678209668235,-0.01150463629991925,0.6661168677193539,0.9905996517549598,1.0,0.9868407088590915,0.9823862748377837,0.3773410247217641,0.03545824531273049,0.09525680992426036,0.04950956826262426,0.03583012725124409,0.1837681773513173,-0.08709065617211686,-0.0950451515649835,-0.05961285375043525,-0.056436123280298275,0.15397514734681406,-0.07532222339166526,-0.06725603012881973,-0.11427917840046556,-0.04461230646050903,0.049556224886801066,0.07921346518532256,0.06239099540726779,0.07666433394763943,0.07172627399312408,0.006821357099145394,0.016705781044386418,0.0027933775785815612,0.01716998676129117,-0.013888539735816866,0.038411772406190696,0.12091986622395574,0.18459137577874787,0.1769365783343332,0.1498548472679108
18,-0.01922908322135026,0.0641075829965006,0.07899620440171982,0.06545143329651053,0.08641519742369672,-0.0601462716075578,-0.12125420644830115,-0.1206504072159455,-0.13192101289118027,-0.1075928887469544,0.27782356038663897,-0.043981026120952296,-0.03266418438159576,-0.03314381611834655,-0.026756628148089785,0.6520072841901986,0.9887207049225474,0.9868407088590915,1.0,0.9965522571370151,0.35374028392475576,0.007072937428376594,0.06117618030161548,0.021109785413459797,0.011511733998721952,0.18145639151976825,-0.07527431241178002,-0.09136207847620659,-0.05011406651601395,-0.04387375630382349,0.1366800755306464,-0.09771778294476066,-0.08744512776543437,-0.13633044558787008,-0.06919670397757964,0.09480668682225532,0.12918976148165484,0.103848153231859,0.11686366805129506,0.11535337488479572,-0.03177708023461232,0.016739024603200762,0.005338168632304201,0.020043022647049154,-0.01180528188279046,0.04514096652629818,0.0876102044524069,0.16056761157062138,0.1524484317019668,0.12445357801412316
19,-0.01033022742063316,0.05422373414229981,0.07114599188572265,0.055560040746355885,0.07613904448800211,-0.06314746907662183,-0.1230424993632081,-0.12321844925330948,-0.13283533206772974,-0.110561490077918,0.2820711411003735,-0.0450864192964498,-0.03385758752302258,-0.03132199379652694,-0.026855558221978697,0.6648350045372752,0.9888887819400153,0.9823862748377837,0.9965522571370151,1.0,0.3479549032529694,0.0051175935178629705,0.062206056210054414,0.0198454161777437,0.006817224419504652,0.18497200865098226,-0.07752169652488357,-0.09325396013567208,-0.05263667168804916,-0.044415413149259154,0.14582828273992912,-0.09222872354512204,-0.0793987450334335,-0.1309775095715213,-0.06577781101672962,0.0913140763585467,0.1225120105651318,0.10042369665999529,0.11508789352752337,0.11226292279120559,-0.03456646786923128,0.027812996682134643,0.015410771110472296,0.030198863481614352,-0.0020765613878878223,0.06847832072949611,0.0994677579933655,0.18212429505463068,0.17522614017095087,0.14431421830960423
20,0.02186841866599521,0.11928521054560416,0.08979461169572389,0.10423302741001793,0.12804613384159455,-0.04757475165356214,-0.12101018246023795,-0.12306081497174264,-0.14242790222143262,-0.09898517908420278,0.3234574152712646,-0.10047311006718285,-0.10149576829172549,-0.09821781439376667,-0.08480101682278472,0.27625483885140584,0.3451179185746552,0.3773410247217641,0.35374028392475576,0.3479549032529694,1.0,0.8302094195087787,0.8775820174274338,0.8449228650873807,0.8497705054374343,-0.0885496649670652,-0.1312450637507052,-0.09346901263319667,-0.09873419698559796,-0.10884385183996015,-0.05633516424547216,-0.08469673271036383,-0.11847384852471776,-0.11641647962814039,-0.08237262192035724,0.023140797936075565,0.07422539309499618,0.039959265860664284,0.08428192503120283,0.08714612178262532,0.31017580992482163,-0.029391605033206356,-0.031560793374170316,-0.025416278006211816,-0.03207674106487012,-0.008368771015535594,0.1667785092206901,0.1647183119676016,0.16876446288419103,0.1592803963363496
21,0.058319548323965034,0.052390480517336274,0.02183786117014938,0.05432252862506159,0.062254879112563444,-0.011188872762820361,-0.08769272932812655,-0.09284298662815768,-0.1332573725669404,-0.07342026058424309,0.24121917240475776,-0.08751588035048954,-0.10506776146119988,-0.08964615804644058,-0.07299292174728093,0.062009913624884457,0.016070980796009163,0.03545824531273049,0.007072937428376594,0.0051175935178629705,0.8302094195087787,1.0,0.9761103348733373,0.9839892397970151,0.9846907673301529,-0.08201174909836076,0.02016011360520866,0.06210628441563783,0.034264348946459,0.014738616266767526,-0.0809574469378616,-0.024524628260848957,-0.07519742966603594,-0.05043122659121349,-0.04052206245289854,-0.012940150431955236,0.025153225534530706,0.0187033510031453,0.05153259067926853,0.05797071677132111,0.2942649729774922,-0.10912939899441308,-0.1013352012189557,-0.09890373226548164,-0.10676829597712138,0.033919601202833376,0.1683329409061636,0.1369915227125658,0.14355983961989968,0.14984715273085003
22,0.04281734925516864,0.040520714680875924,0.0074306634001372,0.0439411758213277,0.04988574573264722,-0.02195482044273975,-0.09436276482151941,-0.09741567797399533,-0.13708285291533526,-0.07689915126084612,0.26901762446872723,-0.07036215946128675,-0.09320294693202763,-0.0768162837378329,-0.0582215320623119,0.10730679391330732,0.07215035070168126,0.09525680992426036,0.06117618030161548,0.062206056210054414,0.8775820174274338,0.9761103348733373,1.0,0.9720513495684571,0.9671299059824392,-0.08149668739393083,-0.013408161372318393,0.0339253702500594,0.003356868947915469,-0.010640677027408523,-0.05873901083360505,-0.012585560576884095,-0.06115597339631196,-0.037749028028932576,-0.023592379743596886,-0.03253331886213278,0.0016836214220626285,-0.0004279902219724743,0.02641454665946148,0.03307410345466666,0.3012419615342854,-0.08720348889356871,-0.07911856668741259,-0.07844118874780646,-0.08295371615383723,0.013014941201444577,0.17038894371296723,0.1472085276499336,0.15543270647568208,0.15307806469896862
23,0.03614604510453487,0.057074087239700894,0.02580095155124364,0.05291254247952163,0.06848997555845891,-0.02601571959459862,-0.0909804258973223,-0.09588591268259655,-0.13729725901002138,-0.0812127305636539,0.23651257774134854,-0.07670510158257293,-0.09323776754293599,-0.07593662813678664,-0.055221765579337875,0.05659404264885475,0.02870609123415707,0.04950956826262426,0.021109785413459797,0.0198454161777437,0.8449228650873807,0.9839892397970151,0.9720513495684571,0.9999999999999998,0.9759066802286225,-0.13997807101074725,-0.039264474475251034,-0.0008990670690638275,-0.031421471807921486,-0.03898060637829551,-0.0756673363444102,-0.015184848356015412,-0.06726212700727079,-0.0414812515913743,-0.035517236051468525,0.026937527941541868,0.054983900277281374,0.05177874970297778,0.08983551085598157,0.09656472272269104,0.30951079242659496,-0.098377984976027,-0.09086524220464103,-0.08830539141350971,-0.09700644617449385,0.008229843909146238,0.10364996548810003,0.0849048677117402,0.08962585751699852,0.09153168339603131
24,0.035740298462318874,0.06667452734794045,0.037264437544851405,0.05833603525352776,0.07379363422477316,-0.028536685635130454,-0.08749186527425959,-0.09472010892028429,-0.13831011778491611,-0.07637144457965414,0.23088679137891813,-0.08129673395740096,-0.0908167324023723,-0.07757774758429085,-0.05953481533953547,0.04336398000937128,0.012317404680598954,0.03583012725124409,0.011511733998721952,0.006817224419504652,0.8497705054374343,0.9846907673301529,0.9671299059824392,0.9759066802286225,1.0,-0.0932990584512601,0.03539359150593879,0.07168249217982123,0.042215536829128986,0.03774297723630818,-0.11756744500949841,-0.058022493603200054,-0.1092772214123904,-0.08198125609844596,-0.07776610886460548,0.005840712816816016,0.05109525008449188,0.03550360086907785,0.07323796396221313,0.08081408885402783,0.29766084516717795,-0.10562605212837393,-0.09693048825518001,-0.09749626510592033,-0.10083960873593434,0.010587248114510193,0.12626429001122846,0.09551837883425142,0.10027322656986323,0.10750623231938321
25,0.051068057883476445,0.06362163301907525,0.08135171951591826,0.07719072721547736,0.09103558754164515,-0.10882815099253879,-0.18442101227060886,-0.1833624619550186,-0.17564819591401828,-0.18656542960485983,0.08563785836914543,-0.09335766890330634,-0.0824452932686506,-0.10216654770591668,-0.10458069683242442,0.07593305898288473,0.23040307500409046,0.1837681773513173,0.18145639151976825,0.18497200865098226,-0.0885496649670652,-0.08201174909836076,-0.08149668739393083,-0.13997807101074725,-0.0932990584512601,1.0,0.7616281343184365,0.8027920862696736,0.8314588874703329,0.7513417372882397,0.15244609074563628,-0.01044311293438078,0.02223176760992247,-0.015331850093132508,0.007187520641092633,0.1730658339243459,0.1969125939765951,0.1766809073981345,0.16376179723231063,0.16404802853793807,-0.0580703713985488,0.15362734771172248,0.15296513595843933,0.15575546013223251,0.15201978449315146,0.3925690717907523,0.30575264652610334,0.30371546147186534,0.3209538659224813,0.3119943745921538
26,-0.03578143988755237,0.05893448869042377,0.07752528561434024,0.05394720944792421,0.07947130594125384,-0.046640844108596334,-0.05513708729086216,-0.052288229505600685,-0.0776605342913883,-0.06903931807645369,0.023318718287266837,-0.048454618225082985,-0.011652054306660574,-0.02297195151843979,-0.031079889064048374,-0.19018978875119216,-0.06150679664008334,-0.08709065617211686,-0.07527431241178002,-0.07752169652488357,-0.1312450637507052,0.02016011360520866,-0.013408161372318393,-0.039264474475251034,0.03539359150593879,0.7616281343184365,1.0,0.9700610796860047,0.9758505211740736,0.9790147457665133,0.015570718434655639,-0.017898395904748215,-0.010881760779671477,-0.006841385781851007,-0.031960713702367805,0.04411052350647091,0.0876391299448651,0.04382357756598187,0.04152023495959851,0.04811343234978692,-0.14126081135123347,-0.09521320413906827,-0.07299757628983222,-0.07578742781423896,-0.07753695087624479,0.1405915806648068,0.06611114831088286,0.04608611350337913,0.053324192166814624,0.05791279341140052
27,-0.029784653654004158,0.08950679828736027,0.10987509934539544,0.08953506558966666,0.11035258381351755,-0.08591317285570077,-0.11962401980808102,-0.11836658520423222,-0.13567125205013475,-0.12064740227000606,0.012410444821393193,-0.07013680333284525,-0.04136764276879668,-0.05259929171126902,-0.055733516976059806,-0.1857317297649341,-0.06893365047852766,-0.0950451515649835,-0.09136207847620659,-0.09325396013567208,-0.09346901263319667,0.06210628441563783,0.0339253702500594,-0.0008990670690638275,0.07168249217982123,0.8027920862696736,0.9700610796860047,1.0,0.9838182578874183,0.9461280462899532,-0.01418028049772587,-0.058062679716497353,-0.051994906622406196,-0.04933577153811882,-0.06692598428680709,-0.0072772464608321825,0.03992504413492646,0.001124101060416339,-0.00682937958035094,0.002922968417116965,-0.1043596377273611,-0.02745355069073777,9.527313846868496e-05,-0.004753672795103127,-0.004163266507607665,0.12666689064198616,0.10558779606049681,0.07887849815897187,0.09246748734012496,0.09677821443669374
28,-0.020416815461640092,0.07616283761496179,0.10072493083293597,0.07847209948502266,0.1030400987583793,-0.08371621568563056,-0.1117668524354242,-0.11460072180485949,-0.12912106398702597,-0.11708492484007291,0.007231653744821742,-0.09927459167604637,-0.06553881862514081,-0.08221971040071124,-0.09054993129814512,-0.1641966691003137,-0.029506313898005895,-0.05961285375043525,-0.05011406651601395,-0.05263667168804916,-0.09873419698559796,0.034264348946459,0.003356868947915469,-0.031421471807921486,0.042215536829128986,0.8314588874703329,0.9758505211740736,0.9838182578874183,1.0,0.9639683521661007,-0.005000485000759494,-0.0678719134031302,-0.05808894521002033,-0.058831282465023414,-0.07474033235939989,0.06818706769999944,0.12398838902243721,0.07824032687647946,0.0710189687059138,0.08187673202325178,-0.14072775171702656,-0.07259529220240461,-0.05112053190168162,-0.05494621696824775,-0.05364960939879915,0.19501666330418757,0.13065064911945368,0.10568984032139461,0.1167721127351542,0.12210227052611479
29,-0.06908961716071392,0.029773318940762093,0.050025819216054195,0.023683327696031937,0.052838809600575826,-0.07285312203781047,-0.06862753635312871,-0.0629515833237168,-0.09175550157739283,-0.08424868814404864,0.04611173502327723,-0.05927089751625963,-0.017952757073993072,-0.036671256730063134,-0.049559433466564565,-0.18301634889992766,-0.02630441339157978,-0.056436123280298275,-0.04387375630382349,-0.044415413149259154,-0.10884385183996015,0.014738616266767526,-0.010640677027408523,-0.03898060637829551,0.03774297723630818,0.7513417372882397,0.9790147457665133,0.9461280462899532,0.9639683521661007,0.9999999999999998,0.03846675242730022,-0.00496760722703992,0.0018328494752455967,0.004045553433265014,-0.021995353358015605,0.065380681231925,0.1159017154539137,0.06304889113166919,0.06572946679723309,0.07260717504349574,-0.17691968123696042,-0.1368104370432736,-0.12103733023051533,-0.12202272742102502,-0.12338885110401086,0.12710854633984608,0.03862367734336061,0.01779542294528055,0.026265484631800663,0.02869876559099621
30,0.059513596857405954,-0.07079336890255243,-0.10433372002315948,-0.0818771078115688,-0.10899164501373539,0.02786987823519911,-0.044049898300502016,-0.0013481669667419138,-0.07606605364268475,-0.023533967658100265,0.2922956134935208,-0.05102250941856703,-0.10088243367376416,-0.09394710115122415,-0.07248247073987064,0.07706665085171018,0.18393623753276875,0.15397514734681406,0.1366800755306464,0.14582828273992912,-0.05633516424547216,-0.0809574469378616,-0.05873901083360505,-0.0756673363444102,-0.11756744500949841,0.15244609074563628,0.015570718434655639,-0.01418028049772587,-0.005000485000759494,0.03846675242730022,1.0,0.924665161410431,0.9344215436106562,0.9053458031383477,0.9280561459459277,0.043055776932194444,0.004436797709229886,0.017813610562911628,0.02658982356456852,0.03432187269871745,0.1220785482460412,-0.02188988067963215,-0.043102548902949754,-0.03331014667635847,-0.040577859756017014,0.04987801566286874,0.09362058897701979,0.12472391388287143,0.1358520207220285,0.10457136094379753
31,0.031453996133072884,-0.07180996116173083,-0.12305366679555303,-0.09150128792067429,-0.122807837605176,0.04314193354136636,-0.005308329776966027,0.04167962192562978,-0.03514720004448156,0.013164733581760358,0.25340576710503315,0.04464088906225303,-0.009541058049422877,0.0028096430036696337,0.02959283050532081,-0.04512121932736312,-0.05680180510977676,-0.07532222339166526,-0.09771778294476066,-0.09222872354512204,-0.08469673271036383,-0.024524628260848957,-0.012585560576884095,-0.015184848356015412,-0.058022493603200054,-0.01044311293438078,-0.017898395904748215,-0.058062679716497353,-0.0678719134031302,-0.00496760722703992,0.924665161410431,0.9999999999999998,0.988181071707831,0.9894182232444092,0.9916950206988698,-0.05142241346064902,-0.08895197240570796,-0.07857616695725927,-0.06414416214379502,-0.05931621773545226,0.16085616560992166,-0.07545598300118932,-0.08796644467570681,-0.07793467258586811,-0.07691670098925714,-0.06055136320582117,0.03321070634026392,0.03407139945898509,0.03985168295978304,0.019969221024966885
32,0.02510956350531777,-0.08066359454505888,-0.13381264247523963,-0.1060209042766975,-0.1348771564275969,0.030992511361076527,-0.01741333834072568,0.03519881882624889,-0.03688941737973093,0.00307900957922279,0.23097228146110033,0.04776275674682203,-0.004123899917321882,0.0064479994143976154,0.030063760549200624,-0.023083090958777433,-0.047661251201539585,-0.06725603012881973,-0.08744512776543437,-0.0793987450334335,-0.11847384852471776,-0.07519742966603594,-0.06115597339631196,-0.06726212700727079,-0.1092772214123904,0.02223176760992247,-0.010881760779671477,-0.051994906622406196,-0.05808894521002033,0.0018328494752455967,0.9344215436106562,0.988181071707831,1.0,0.9894119339489147,0.9882547409367077,-0.03193205266533984,-0.07434581770412228,-0.06149890080519518,-0.045043684590939055,-0.0439595798307055,0.1252189107045586,-0.04649100333442418,-0.0650010764503845,-0.055786397783833236,-0.05472192011875717,-0.028137785968499845,0.03844982764503207,0.045392150244433944,0.05363363400811167,0.034250637812663826
33,0.010759947751137608,-0.05896299361178444,-0.11346659427110141,-0.08259795421057942,-0.11497518631075278,0.02156832553742688,-0.019078467786719965,0.03255966113710005,-0.045130172255750195,-0.001975598630546091,0.21243700936934887,0.0478124431384828,-0.0036235934090170677,0.007617911383620119,0.035373657857350985,-0.07092858978222327,-0.09704336866658982,-0.11427917840046556,-0.13633044558787008,-0.1309775095715213,-0.11641647962814039,-0.05043122659121349,-0.037749028028932576,-0.0414812515913743,-0.08198125609844596,-0.015331850093132508,-0.006841385781851007,-0.04933577153811882,-0.058831282465023414,0.004045553433265014,0.9053458031383477,0.9894182232444092,0.9894119339489147,0.9999999999999999,0.9870186730931914,-0.03819606301880539,-0.07769850753128536,-0.06695836435684817,-0.053828210153479716,-0.04649787937695737,0.12191320889002911,-0.09311794357699386,-0.10408710617645983,-0.09655096467616851,-0.09179954796043818,-0.07490009759361634,0.009778005244583287,0.007343517953120694,0.012957427255061731,-0.003641426448318738
34,0.041884590869297356,-0.0623620478033919,-0.1154847392764778,-0.08132367478918741,-0.11339432111961543,0.0436784463077256,-0.0169163200587927,0.032070430401809985,-0.042852892219520045,0.005335247463164993,0.2593770368499557,0.03194253173363622,-0.022641806781620546,-0.013113563959622763,0.011314051244924545,-0.02808761303278806,-0.028106548374856027,-0.04461230646050903,-0.06919670397757964,-0.06577781101672962,-0.08237262192035724,-0.04052206245289854,-0.023592379743596886,-0.035517236051468525,-0.07776610886460548,0.007187520641092633,-0.031960713702367805,-0.06692598428680709,-0.07474033235939989,-0.021995353358015605,0.9280561459459277,0.9916950206988698,0.9882547409367077,0.9870186730931914,1.0,-0.06176272551234044,-0.09965906423981706,-0.08351947396752836,-0.07570315037363166,-0.06877405893963096,0.16031858492667728,-0.08201791166685159,-0.09905712091989316,-0.08742360475152133,-0.08543275661112801,-0.059253105858959605,0.0543066841527233,0.05132006756371414,0.0584766812847378,0.03866057708560813
35,0.0880740313668915,0.11202174554633085,0.12721368879453698,0.0989391432230889,0.13349650507448793,0.06901830821329956,0.0866728968954539,0.07459712762569931,0.11145220928420421,0.05025050392748858,-0.07094300233225886,-0.07761087216499853,-0.0525556484786669,-0.07724841614469173,-0.07114664038731885,0.043002212244527604,0.08704640081954998,0.049556224886801066,0.09480668682225532,0.0913140763585467,0.023140797936075565,-0.012940150431955236,-0.03253331886213278,0.026937527941541868,0.005840712816816016,0.1730658339243459,0.04411052350647091,-0.0072772464608321825,0.06818706769999944,0.065380681231925,0.043055776932194444,-0.05142241346064902,-0.03193205266533984,-0.03819606301880539,-0.06176272551234044,1.0,0.9748910425099526,0.9727248350224171,0.9779942531165118,0.9776538298672894,0.06001928559230435,0.07442499068221883,0.08519338816440886,0.06458747970756695,0.06778158148315266,0.4454442197283201,-0.12877355456611458,-0.07791602362072399,-0.08829169596026124,-0.0775592603889529
36,0.02900211350874974,0.11544099999992596,0.13920858128045208,0.10513342537291392,0.14310104707212878,-0.012342297578883298,0.0006146773442207747,-0.017054768903111677,0.02494661218963757,-0.033015676284058194,-0.10616532332484943,-0.0854261454236983,-0.054444506504455786,-0.08034569947646666,-0.07214337990405609,0.05308794354775427,0.11378960795723196,0.07921346518532256,0.12918976148165484,0.1225120105651318,0.07422539309499618,0.025153225534530706,0.0016836214220626285,0.054983900277281374,0.05109525008449188,0.1969125939765951,0.0876391299448651,0.03992504413492646,0.12398838902243721,0.1159017154539137,0.004436797709229886,-0.08895197240570796,-0.07434581770412228,-0.07769850753128536,-0.09965906423981706,0.9748910425099526,1.0,0.96686861884899,0.965688067680564,0.9781099715562872,0.04175784737313232,0.04082071352450993,0.05073718245800253,0.035039765000524435,0.03711899284869265,0.4243087805159675,-0.12623286629382113,-0.08456500364570967,-0.09465692279447016,-0.08082111980860723
37,0.01653928955355451,0.020468295141601638,0.04480707878377333,0.008110058544963404,0.048484610200032315,0.0018359786267950753,0.03495836512643843,0.011730454910865301,0.05909612484989946,-0.0009066868426647204,-0.14600803773002108,-0.07282552390318861,-0.05000159921746061,-0.07303411517842144,-0.06709171755984841,0.06563343676040209,0.09524093480308776,0.06239099540726779,0.103848153231859,0.10042369665999529,0.039959265860664284,0.0187033510031453,-0.0004279902219724743,0.05177874970297778,0.03550360086907785,0.1766809073981345,0.04382357756598187,0.001124101060416339,0.07824032687647946,0.06304889113166919,0.017813610562911628,-0.07857616695725927,-0.06149890080519518,-0.06695836435684817,-0.08351947396752836,0.9727248350224171,0.96686861884899,0.9999999999999999,0.9726990825630215,0.9829202651021757,0.014134078998850566,0.11599777520766975,0.12383403589645028,0.1013872450046304,0.10451608112571659,0.43453230677799454,-0.15381505798824777,-0.10952083055838233,-0.11986653237050532,-0.11308448394357896
38,0.09598680819619244,0.08982912872923161,0.0965067584940714,0.06484654353259692,0.10701026098130154,0.06221383238148324,0.07530722863921237,0.062403317050676754,0.10181556678400597,0.041555717649226345,-0.07835061290155779,-0.04668624477294136,-0.020274285647133954,-0.043697907858258396,-0.038542799884958595,0.09393760747572245,0.1110859529727098,0.07666433394763943,0.11686366805129506,0.11508789352752337,0.08428192503120283,0.05153259067926853,0.02641454665946148,0.08983551085598157,0.07323796396221313,0.16376179723231063,0.04152023495959851,-0.00682937958035094,0.0710189687059138,0.06572946679723309,0.02658982356456852,-0.06414416214379502,-0.045043684590939055,-0.053828210153479716,-0.07570315037363166,0.9779942531165118,0.965688067680564,0.9726990825630215,1.0,0.9834548737834056,0.02533511401942909,0.058311333143373605,0.07394482746677661,0.04898260864639045,0.05126311457043281,0.4822364676967077,-0.10904848724704978,-0.05875112831732009,-0.06977595708143343,-0.05818227236300249
39,0.04066403994756077,0.09396792845771858,0.11080121761733946,0.07166683516252796,0.11519612613392055,-9.425183299146865e-05,0.009208129884628678,-0.008246358001963598,0.027848103876713,-0.022890375497394304,-0.09637999685249354,-0.05972621945418968,-0.03154350588782155,-0.0574828823774324,-0.04747428235120889,0.07479774727399084,0.10516810150578873,0.07172627399312408,0.11535337488479572,0.11226292279120559,0.08714612178262532,0.05797071677132111,0.03307410345466666,0.09656472272269104,0.08081408885402783,0.16404802853793807,0.04811343234978692,0.002922968417116965,0.08187673202325178,0.07260717504349574,0.03432187269871745,-0.05931621773545226,-0.0439595798307055,-0.04649787937695737,-0.06877405893963096,0.9776538298672894,0.9781099715562872,0.9829202651021757,0.9834548737834056,1.0,0.038569029918783394,0.051574212885193836,0.06191834514370245,0.042185614412521215,0.04321541152495966,0.42950989932712447,-0.1369958442386904,-0.08827746831597234,-0.09914884109736065,-0.09361501240872169
40,0.45715346595294504,0.5782308848385007,0.5664829848612591,0.5809243785398632,0.5646692528971011,0.2525894915019486,0.05502250308490762,0.07339770148749464,0.0028212791936516753,0.08807292650174547,0.3699889078864134,-0.10658534019436972,-0.13484218471199455,-0.12443033159201822,-0.10331499649571184,-0.10045551900547078,-0.013585795485480293,0.006821357099145394,-0.03177708023461232,-0.03456646786923128,0.31017580992482163,0.2942649729774922,0.3012419615342854,0.30951079242659496,0.29766084516717795,-0.0580703713985488,-0.14126081135123347,-0.1043596377273611,-0.14072775171702656,-0.17691968123696042,0.1220785482460412,0.16085616560992166,0.1252189107045586,0.12191320889002911,0.16031858492667728,0.06001928559230435,0.04175784737313232,0.014134078998850566,0.02533511401942909,0.038569029918783394,0.9999999999999998,0.3070528182932021,0.29025412520993277,0.31132569095465196,0.3012122793570668,-0.03270673449026647,0.12081988377522529,0.07091280489688633,0.08205046180101122,0.10761918063170595
41,-0.15645092576513572,-0.12735011166704147,-0.10815996005454262,-0.1372432402180781,-0.13302215702503728,-0.2029910211800205,-0.09770940425578699,-0.09737061237026405,-0.05360186607094076,-0.1030745360790867,-0.2467191767529875,0.016954533971563684,-0.004668889153138059,0.008198996401894152,0.01870115105304856,0.1042915496698574,0.02688980190834374,0.016705781044386418,0.016739024603200762,0.027812996682134643,-0.029391605033206356,-0.10912939899441308,-0.08720348889356871,-0.098377984976027,-0.10562605212837393,0.15362734771172248,-0.09521320413906827,-0.02745355069073777,-0.07259529220240461,-0.1368104370432736,-0.02188988067963215,-0.07545598300118932,-0.04649100333442418,-0.09311794357699386,-0.08201791166685159,0.07442499068221883,0.04082071352450993,0.11599777520766975,0.058311333143373605,0.051574212885193836,0.3070528182932021,1.0,0.9806861095359255,0.9861171577639835,0.9817264591707215,0.039900380953107904,-0.14707037948466378,-0.1039920886990169,-0.09429813407756599,-0.12145243927062313
42,-0.12942716039038982,-0.09733376499672537,-0.0785913527743827,-0.11219578265920734,-0.1047768383252283,-0.17210926603506743,-0.06164688256261555,-0.06180668971361456,-0.021021057783674264,-0.06365120172545424,-0.23480697662354852,0.045616792058404465,0.028495869860281398,0.0382443023088911,0.04920176458845932,0.09630262781809466,0.012963917006710363,0.0027933775785815612,0.005338168632304201,0.015410771110472296,-0.031560793374170316,-0.1013352012189557,-0.07911856668741259,-0.09086524220464103,-0.09693048825518001,0.15296513595843933,-0.07299757628983222,9.527313846868496e-05,-0.05112053190168162,-0.12103733023051533,-0.043102548902949754,-0.08796644467570681,-0.0650010764503845,-0.10408710617645983,-0.09905712091989316,0.08519338816440886,0.05073718245800253,0.12383403589645028,0.07394482746677661,0.06191834514370245,0.29025412520993277,0.9806861095359255,1.0,0.9938410750200867,0.9953113772083017,0.04588364893286629,-0.14277046601818633,-0.10732598969367783,-0.09887491432815333,-0.1231275117945336
43,-0.14071545007180866,-0.08064896196218838,-0.06307936835603753,-0.09756363892003451,-0.0894225512304309,-0.18686385841035963,-0.08189667245175097,-0.08000428827903834,-0.039999202459582626,-0.08654467440125768,-0.2269067753596231,0.05012495902624659,0.03260840080329786,0.04392954066751686,0.05385694343676409,0.10057754485300409,0.02749508328793062,0.01716998676129117,0.020043022647049154,0.030198863481614352,-0.025416278006211816,-0.09890373226548164,-0.07844118874780646,-0.08830539141350971,-0.09749626510592033,0.15575546013223251,-0.07578742781423896,-0.004753672795103127,-0.05494621696824775,-0.12202272742102502,-0.03331014667635847,-0.07793467258586811,-0.055786397783833236,-0.09655096467616851,-0.08742360475152133,0.06458747970756695,0.035039765000524435,0.1013872450046304,0.04898260864639045,0.042185614412521215,0.31132569095465196,0.9861171577639835,0.9938410750200867,1.0,0.9946516691758723,0.027188483837534787,-0.1443380928880107,-0.10705596678957038,-0.09814153916871597,-0.12270832831013724
44,-0.12803629683218995,-0.09545436307647881,-0.07511551899587651,-0.10785820339105627,-0.10168014142979481,-0.16734550557404898,-0.04846967581658363,-0.047962130743612746,-0.007147257293974945,-0.05228095843228694,-0.22810028501241839,0.0393328830365726,0.022294181233068026,0.03126256814106131,0.041192469021177104,0.0749082861765787,-0.004576601040621161,-0.013888539735816866,-0.01180528188279046,-0.0020765613878878223,-0.03207674106487012,-0.10676829597712138,-0.08295371615383723,-0.09700644617449385,-0.10083960873593434,0.15201978449315146,-0.07753695087624479,-0.004163266507607665,-0.05364960939879915,-0.12338885110401086,-0.040577859756017014,-0.07691670098925714,-0.05472192011875717,-0.09179954796043818,-0.08543275661112801,0.06778158148315266,0.03711899284869265,0.10451608112571659,0.05126311457043281,0.04321541152495966,0.3012122793570668,0.9817264591707215,0.9953113772083017,0.9946516691758723,1.0,0.02724270907892653,-0.13729361543614294,-0.1047687948513616,-0.09478591200874428,-0.1188761833417632
45,0.43222225053051,-0.028073251329230896,-0.038789292944446045,-0.009928295645509398,-0.02146256582971927,0.15253712694379676,0.0397199398125615,0.022306874770948934,0.07884230369337655,0.032996867737437804,0.14777893802789513,0.08893318257703983,0.08633126164977746,0.08431777976154167,0.06702879581753263,0.37590316318671435,0.08938745988681474,0.038411772406190696,0.04514096652629818,0.06847832072949611,-0.008368771015535594,0.033919601202833376,0.013014941201444577,0.008229843909146238,0.010587248114510193,0.3925690717907523,0.1405915806648068,0.12666689064198616,0.19501666330418757,0.12710854633984608,0.04987801566286874,-0.06055136320582117,-0.028137785968499845,-0.07490009759361634,-0.059253105858959605,0.4454442197283201,0.4243087805159675,0.43453230677799454,0.4822364676967077,0.42950989932712447,-0.03270673449026647,0.039900380953107904,0.04588364893286629,0.027188483837534787,0.02724270907892653,1.0,0.6492199776893341,0.7095464241078681,0.6920702742784818,0.7019138728367657
46,0.5513102487003152,0.10281066437322227,0.10958998339269399,0.1833946586939085,0.13155030184089234,0.22081778426747753,-0.011496105027382696,-0.009270261876513211,0.004841117867676622,0.02205708750112767,0.4290567804219583,0.06466023414922564,0.043549163620748,0.03408748516549643,0.018774789334534567,0.3983094156857293,0.13173118999475236,0.12091986622395574,0.0876102044524069,0.0994677579933655,0.1667785092206901,0.1683329409061636,0.17038894371296723,0.10364996548810003,0.12626429001122846,0.30575264652610334,0.06611114831088286,0.10558779606049681,0.13065064911945368,0.03862367734336061,0.09362058897701979,0.03321070634026392,0.03844982764503207,0.009778005244583287,0.0543066841527233,-0.12877355456611458,-0.12623286629382113,-0.15381505798824777,-0.10904848724704978,-0.1369958442386904,0.12081988377522529,-0.14707037948466378,-0.14277046601818633,-0.1443380928880107,-0.13729361543614294,0.6492199776893341,0.9999999999999999,0.9655270331759497,0.967893792571767,0.9764268708117221
47,0.5324203748313139,0.052175746282612866,0.05804344209041828,0.11715924865807364,0.07297609930945767,0.21086938361140853,-0.0016073954488419844,-0.0037078692692988995,0.013452735834037917,0.025903164210209436,0.4419019898300747,0.06255955256614952,0.04301233128269971,0.042294642079724415,0.02449912894077441,0.46705314098014084,0.2061074227792986,0.18459137577874787,0.16056761157062138,0.18212429505463068,0.1647183119676016,0.1369915227125658,0.1472085276499336,0.0849048677117402,0.09551837883425142,0.30371546147186534,0.04608611350337913,0.07887849815897187,0.10568984032139461,0.01779542294528055,0.12472391388287143,0.03407139945898509,0.045392150244433944,0.007343517953120694,0.05132006756371414,-0.07791602362072399,-0.08456500364570967,-0.10952083055838233,-0.05875112831732009,-0.08827746831597234,0.07091280489688633,-0.1039920886990169,-0.10732598969367783,-0.10705596678957038,-0.1047687948513616,0.7095464241078681,0.9655270331759497,1.0,0.9955388167359567,0.9860033307343842
48,0.5273964650503918,0.05307667938527586,0.062093352829488475,0.12338609513018137,0.07852557606721326,0.1992953632333732,-0.014286019728424153,-0.014520114142809636,0.0034994089529130873,0.013977905368634047,0.4417959225058739,0.0473297972081386,0.0271358366334463,0.02520857128789077,0.009295309873488908,0.4460810746287644,0.20012261048651267,0.1769365783343332,0.1524484317019668,0.17522614017095087,0.16876446288419103,0.14355983961989968,0.15543270647568208,0.08962585751699852,0.10027322656986323,0.3209538659224813,0.053324192166814624,0.09246748734012496,0.1167721127351542,0.026265484631800663,0.1358520207220285,0.03985168295978304,0.05363363400811167,0.012957427255061731,0.0584766812847378,-0.08829169596026124,-0.09465692279447016,-0.11986653237050532,-0.06977595708143343,-0.09914884109736065,0.08205046180101122,-0.09429813407756599,-0.09887491432815333,-0.09814153916871597,-0.09478591200874428,0.6920702742784818,0.967893792571767,0.9955388167359567,0.9999999999999998,0.9890783454211742
49,0.5843397789740302,0.08559159796556177,0.09421446290275651,0.1598700458643033,0.11188341921685145,0.24519601390919535,0.01606534302098208,0.01789523203247298,0.0325426226095387,0.04757170239736056,0.4305994973180217,0.025228629138236647,0.0050961954058298614,0.0020966311784353722,-0.013944268868592185,0.40650991514826684,0.1692943215154704,0.1498548472679108,0.12445357801412316,0.14431421830960423,0.1592803963363496,0.14984715273085003,0.15307806469896862,0.09153168339603131,0.10750623231938321,0.3119943745921538,0.05791279341140052,0.09677821443669374,0.12210227052611479,0.02869876559099621,0.10457136094379753,0.019969221024966885,0.034250637812663826,-0.003641426448318738,0.03866057708560813,-0.0775592603889529,-0.08082111980860723,-0.11308448394357896,-0.05818227236300249,-0.09361501240872169,0.10761918063170595,-0.12145243927062313,-0.1231275117945336,-0.12270832831013724,-0.1188761833417632,0.7019138728367657,0.9764268708117221,0.9860033307343842,0.9890783454211742,1.0
