dataset,person_name,image_filename,relative_path
LFW,Alejandro_Toledo,Alejandro_Toledo_000.jpg,balanced_lfw/Alejandro_Toledo/Alejandro_Toledo_000.jpg
LFW,Alejandro_Toledo,Alejandro_Toledo_001.jpg,balanced_lfw/Alejandro_Toledo/Alejandro_Toledo_001.jpg
LFW,Alejandro_Toledo,Alejandro_Toledo_002.jpg,balanced_lfw/Alejandro_Toledo/Alejandro_Toledo_002.jpg
LFW,Alejandro_Toledo,Alejandro_Toledo_003.jpg,balanced_lfw/Alejandro_Toledo/Alejandro_Toledo_003.jpg
LFW,Alejandro_Toledo,Alejandro_Toledo_004.jpg,balanced_lfw/Alejandro_Toledo/Alejandro_Toledo_004.jpg
LFW,Alejandro_Toledo,Alejandro_Toledo_005.jpg,balanced_lfw/Alejandro_Toledo/Alejandro_Toledo_005.jpg
LFW,Alejandro_Toledo,Alejandro_Toledo_006.jpg,balanced_lfw/Alejandro_Toledo/Alejandro_Toledo_006.jpg
LFW,Alejandro_Toledo,Alejandro_Toledo_007.jpg,balanced_lfw/Alejandro_Toledo/Alejandro_Toledo_007.jpg
LFW,Alejandro_Toledo,Alejandro_Toledo_008.jpg,balanced_lfw/Alejandro_Toledo/Alejandro_Toledo_008.jpg
LFW,Alejandro_Toledo,Alejandro_Toledo_009.jpg,balanced_lfw/Alejandro_Toledo/Alejandro_Toledo_009.jpg
LFW,Alvaro_Uribe,Alvaro_Uribe_000.jpg,balanced_lfw/Alvaro_Uribe/Alvaro_Uribe_000.jpg
LFW,Alvaro_Uribe,Alvaro_Uribe_001.jpg,balanced_lfw/Alvaro_Uribe/Alvaro_Uribe_001.jpg
LFW,Alvaro_Uribe,Alvaro_Uribe_002.jpg,balanced_lfw/Alvaro_Uribe/Alvaro_Uribe_002.jpg
LFW,Alvaro_Uribe,Alvaro_Uribe_003.jpg,balanced_lfw/Alvaro_Uribe/Alvaro_Uribe_003.jpg
LFW,Alvaro_Uribe,Alvaro_Uribe_004.jpg,balanced_lfw/Alvaro_Uribe/Alvaro_Uribe_004.jpg
LFW,Alvaro_Uribe,Alvaro_Uribe_005.jpg,balanced_lfw/Alvaro_Uribe/Alvaro_Uribe_005.jpg
LFW,Alvaro_Uribe,Alvaro_Uribe_006.jpg,balanced_lfw/Alvaro_Uribe/Alvaro_Uribe_006.jpg
LFW,Alvaro_Uribe,Alvaro_Uribe_007.jpg,balanced_lfw/Alvaro_Uribe/Alvaro_Uribe_007.jpg
LFW,Alvaro_Uribe,Alvaro_Uribe_008.jpg,balanced_lfw/Alvaro_Uribe/Alvaro_Uribe_008.jpg
LFW,Alvaro_Uribe,Alvaro_Uribe_009.jpg,balanced_lfw/Alvaro_Uribe/Alvaro_Uribe_009.jpg
LFW,Andre_Agassi,Andre_Agassi_000.jpg,balanced_lfw/Andre_Agassi/Andre_Agassi_000.jpg
LFW,Andre_Agassi,Andre_Agassi_001.jpg,balanced_lfw/Andre_Agassi/Andre_Agassi_001.jpg
LFW,Andre_Agassi,Andre_Agassi_002.jpg,balanced_lfw/Andre_Agassi/Andre_Agassi_002.jpg
LFW,Andre_Agassi,Andre_Agassi_003.jpg,balanced_lfw/Andre_Agassi/Andre_Agassi_003.jpg
LFW,Andre_Agassi,Andre_Agassi_004.jpg,balanced_lfw/Andre_Agassi/Andre_Agassi_004.jpg
LFW,Andre_Agassi,Andre_Agassi_005.jpg,balanced_lfw/Andre_Agassi/Andre_Agassi_005.jpg
LFW,Andre_Agassi,Andre_Agassi_006.jpg,balanced_lfw/Andre_Agassi/Andre_Agassi_006.jpg
LFW,Andre_Agassi,Andre_Agassi_007.jpg,balanced_lfw/Andre_Agassi/Andre_Agassi_007.jpg
LFW,Andre_Agassi,Andre_Agassi_008.jpg,balanced_lfw/Andre_Agassi/Andre_Agassi_008.jpg
LFW,Andre_Agassi,Andre_Agassi_009.jpg,balanced_lfw/Andre_Agassi/Andre_Agassi_009.jpg
LFW,Ariel_Sharon,Ariel_Sharon_000.jpg,balanced_lfw/Ariel_Sharon/Ariel_Sharon_000.jpg
LFW,Ariel_Sharon,Ariel_Sharon_001.jpg,balanced_lfw/Ariel_Sharon/Ariel_Sharon_001.jpg
LFW,Ariel_Sharon,Ariel_Sharon_002.jpg,balanced_lfw/Ariel_Sharon/Ariel_Sharon_002.jpg
LFW,Ariel_Sharon,Ariel_Sharon_003.jpg,balanced_lfw/Ariel_Sharon/Ariel_Sharon_003.jpg
LFW,Ariel_Sharon,Ariel_Sharon_004.jpg,balanced_lfw/Ariel_Sharon/Ariel_Sharon_004.jpg
LFW,Ariel_Sharon,Ariel_Sharon_005.jpg,balanced_lfw/Ariel_Sharon/Ariel_Sharon_005.jpg
LFW,Ariel_Sharon,Ariel_Sharon_006.jpg,balanced_lfw/Ariel_Sharon/Ariel_Sharon_006.jpg
LFW,Ariel_Sharon,Ariel_Sharon_007.jpg,balanced_lfw/Ariel_Sharon/Ariel_Sharon_007.jpg
LFW,Ariel_Sharon,Ariel_Sharon_008.jpg,balanced_lfw/Ariel_Sharon/Ariel_Sharon_008.jpg
LFW,Ariel_Sharon,Ariel_Sharon_009.jpg,balanced_lfw/Ariel_Sharon/Ariel_Sharon_009.jpg
LFW,Arnold_Schwarzenegger,Arnold_Schwarzenegger_000.jpg,balanced_lfw/Arnold_Schwarzenegger/Arnold_Schwarzenegger_000.jpg
LFW,Arnold_Schwarzenegger,Arnold_Schwarzenegger_001.jpg,balanced_lfw/Arnold_Schwarzenegger/Arnold_Schwarzenegger_001.jpg
LFW,Arnold_Schwarzenegger,Arnold_Schwarzenegger_002.jpg,balanced_lfw/Arnold_Schwarzenegger/Arnold_Schwarzenegger_002.jpg
LFW,Arnold_Schwarzenegger,Arnold_Schwarzenegger_003.jpg,balanced_lfw/Arnold_Schwarzenegger/Arnold_Schwarzenegger_003.jpg
LFW,Arnold_Schwarzenegger,Arnold_Schwarzenegger_004.jpg,balanced_lfw/Arnold_Schwarzenegger/Arnold_Schwarzenegger_004.jpg
LFW,Arnold_Schwarzenegger,Arnold_Schwarzenegger_005.jpg,balanced_lfw/Arnold_Schwarzenegger/Arnold_Schwarzenegger_005.jpg
LFW,Arnold_Schwarzenegger,Arnold_Schwarzenegger_006.jpg,balanced_lfw/Arnold_Schwarzenegger/Arnold_Schwarzenegger_006.jpg
LFW,Arnold_Schwarzenegger,Arnold_Schwarzenegger_007.jpg,balanced_lfw/Arnold_Schwarzenegger/Arnold_Schwarzenegger_007.jpg
LFW,Arnold_Schwarzenegger,Arnold_Schwarzenegger_008.jpg,balanced_lfw/Arnold_Schwarzenegger/Arnold_Schwarzenegger_008.jpg
LFW,Arnold_Schwarzenegger,Arnold_Schwarzenegger_009.jpg,balanced_lfw/Arnold_Schwarzenegger/Arnold_Schwarzenegger_009.jpg
LFW,Atal_Bihari_Vajpayee,Atal_Bihari_Vajpayee_000.jpg,balanced_lfw/Atal_Bihari_Vajpayee/Atal_Bihari_Vajpayee_000.jpg
LFW,Atal_Bihari_Vajpayee,Atal_Bihari_Vajpayee_001.jpg,balanced_lfw/Atal_Bihari_Vajpayee/Atal_Bihari_Vajpayee_001.jpg
LFW,Atal_Bihari_Vajpayee,Atal_Bihari_Vajpayee_002.jpg,balanced_lfw/Atal_Bihari_Vajpayee/Atal_Bihari_Vajpayee_002.jpg
LFW,Atal_Bihari_Vajpayee,Atal_Bihari_Vajpayee_003.jpg,balanced_lfw/Atal_Bihari_Vajpayee/Atal_Bihari_Vajpayee_003.jpg
LFW,Atal_Bihari_Vajpayee,Atal_Bihari_Vajpayee_004.jpg,balanced_lfw/Atal_Bihari_Vajpayee/Atal_Bihari_Vajpayee_004.jpg
LFW,Atal_Bihari_Vajpayee,Atal_Bihari_Vajpayee_005.jpg,balanced_lfw/Atal_Bihari_Vajpayee/Atal_Bihari_Vajpayee_005.jpg
LFW,Atal_Bihari_Vajpayee,Atal_Bihari_Vajpayee_006.jpg,balanced_lfw/Atal_Bihari_Vajpayee/Atal_Bihari_Vajpayee_006.jpg
LFW,Atal_Bihari_Vajpayee,Atal_Bihari_Vajpayee_007.jpg,balanced_lfw/Atal_Bihari_Vajpayee/Atal_Bihari_Vajpayee_007.jpg
LFW,Atal_Bihari_Vajpayee,Atal_Bihari_Vajpayee_008.jpg,balanced_lfw/Atal_Bihari_Vajpayee/Atal_Bihari_Vajpayee_008.jpg
LFW,Atal_Bihari_Vajpayee,Atal_Bihari_Vajpayee_009.jpg,balanced_lfw/Atal_Bihari_Vajpayee/Atal_Bihari_Vajpayee_009.jpg
LFW,Bill_Clinton,Bill_Clinton_000.jpg,balanced_lfw/Bill_Clinton/Bill_Clinton_000.jpg
LFW,Bill_Clinton,Bill_Clinton_001.jpg,balanced_lfw/Bill_Clinton/Bill_Clinton_001.jpg
LFW,Bill_Clinton,Bill_Clinton_002.jpg,balanced_lfw/Bill_Clinton/Bill_Clinton_002.jpg
LFW,Bill_Clinton,Bill_Clinton_003.jpg,balanced_lfw/Bill_Clinton/Bill_Clinton_003.jpg
LFW,Bill_Clinton,Bill_Clinton_004.jpg,balanced_lfw/Bill_Clinton/Bill_Clinton_004.jpg
LFW,Bill_Clinton,Bill_Clinton_005.jpg,balanced_lfw/Bill_Clinton/Bill_Clinton_005.jpg
LFW,Bill_Clinton,Bill_Clinton_006.jpg,balanced_lfw/Bill_Clinton/Bill_Clinton_006.jpg
LFW,Bill_Clinton,Bill_Clinton_007.jpg,balanced_lfw/Bill_Clinton/Bill_Clinton_007.jpg
LFW,Bill_Clinton,Bill_Clinton_008.jpg,balanced_lfw/Bill_Clinton/Bill_Clinton_008.jpg
LFW,Bill_Clinton,Bill_Clinton_009.jpg,balanced_lfw/Bill_Clinton/Bill_Clinton_009.jpg
LFW,Colin_Powell,Colin_Powell_000.jpg,balanced_lfw/Colin_Powell/Colin_Powell_000.jpg
LFW,Colin_Powell,Colin_Powell_001.jpg,balanced_lfw/Colin_Powell/Colin_Powell_001.jpg
LFW,Colin_Powell,Colin_Powell_002.jpg,balanced_lfw/Colin_Powell/Colin_Powell_002.jpg
LFW,Colin_Powell,Colin_Powell_003.jpg,balanced_lfw/Colin_Powell/Colin_Powell_003.jpg
LFW,Colin_Powell,Colin_Powell_004.jpg,balanced_lfw/Colin_Powell/Colin_Powell_004.jpg
LFW,Colin_Powell,Colin_Powell_005.jpg,balanced_lfw/Colin_Powell/Colin_Powell_005.jpg
LFW,Colin_Powell,Colin_Powell_006.jpg,balanced_lfw/Colin_Powell/Colin_Powell_006.jpg
LFW,Colin_Powell,Colin_Powell_007.jpg,balanced_lfw/Colin_Powell/Colin_Powell_007.jpg
LFW,Colin_Powell,Colin_Powell_008.jpg,balanced_lfw/Colin_Powell/Colin_Powell_008.jpg
LFW,Colin_Powell,Colin_Powell_009.jpg,balanced_lfw/Colin_Powell/Colin_Powell_009.jpg
LFW,David_Beckham,David_Beckham_000.jpg,balanced_lfw/David_Beckham/David_Beckham_000.jpg
LFW,David_Beckham,David_Beckham_001.jpg,balanced_lfw/David_Beckham/David_Beckham_001.jpg
LFW,David_Beckham,David_Beckham_002.jpg,balanced_lfw/David_Beckham/David_Beckham_002.jpg
LFW,David_Beckham,David_Beckham_003.jpg,balanced_lfw/David_Beckham/David_Beckham_003.jpg
LFW,David_Beckham,David_Beckham_004.jpg,balanced_lfw/David_Beckham/David_Beckham_004.jpg
LFW,David_Beckham,David_Beckham_005.jpg,balanced_lfw/David_Beckham/David_Beckham_005.jpg
LFW,David_Beckham,David_Beckham_006.jpg,balanced_lfw/David_Beckham/David_Beckham_006.jpg
LFW,David_Beckham,David_Beckham_007.jpg,balanced_lfw/David_Beckham/David_Beckham_007.jpg
LFW,David_Beckham,David_Beckham_008.jpg,balanced_lfw/David_Beckham/David_Beckham_008.jpg
LFW,David_Beckham,David_Beckham_009.jpg,balanced_lfw/David_Beckham/David_Beckham_009.jpg
LFW,Donald_Rumsfeld,Donald_Rumsfeld_000.jpg,balanced_lfw/Donald_Rumsfeld/Donald_Rumsfeld_000.jpg
LFW,Donald_Rumsfeld,Donald_Rumsfeld_001.jpg,balanced_lfw/Donald_Rumsfeld/Donald_Rumsfeld_001.jpg
LFW,Donald_Rumsfeld,Donald_Rumsfeld_002.jpg,balanced_lfw/Donald_Rumsfeld/Donald_Rumsfeld_002.jpg
LFW,Donald_Rumsfeld,Donald_Rumsfeld_003.jpg,balanced_lfw/Donald_Rumsfeld/Donald_Rumsfeld_003.jpg
LFW,Donald_Rumsfeld,Donald_Rumsfeld_004.jpg,balanced_lfw/Donald_Rumsfeld/Donald_Rumsfeld_004.jpg
LFW,Donald_Rumsfeld,Donald_Rumsfeld_005.jpg,balanced_lfw/Donald_Rumsfeld/Donald_Rumsfeld_005.jpg
LFW,Donald_Rumsfeld,Donald_Rumsfeld_006.jpg,balanced_lfw/Donald_Rumsfeld/Donald_Rumsfeld_006.jpg
LFW,Donald_Rumsfeld,Donald_Rumsfeld_007.jpg,balanced_lfw/Donald_Rumsfeld/Donald_Rumsfeld_007.jpg
LFW,Donald_Rumsfeld,Donald_Rumsfeld_008.jpg,balanced_lfw/Donald_Rumsfeld/Donald_Rumsfeld_008.jpg
LFW,Donald_Rumsfeld,Donald_Rumsfeld_009.jpg,balanced_lfw/Donald_Rumsfeld/Donald_Rumsfeld_009.jpg
LFW,George_Robertson,George_Robertson_000.jpg,balanced_lfw/George_Robertson/George_Robertson_000.jpg
LFW,George_Robertson,George_Robertson_001.jpg,balanced_lfw/George_Robertson/George_Robertson_001.jpg
LFW,George_Robertson,George_Robertson_002.jpg,balanced_lfw/George_Robertson/George_Robertson_002.jpg
LFW,George_Robertson,George_Robertson_003.jpg,balanced_lfw/George_Robertson/George_Robertson_003.jpg
LFW,George_Robertson,George_Robertson_004.jpg,balanced_lfw/George_Robertson/George_Robertson_004.jpg
LFW,George_Robertson,George_Robertson_005.jpg,balanced_lfw/George_Robertson/George_Robertson_005.jpg
LFW,George_Robertson,George_Robertson_006.jpg,balanced_lfw/George_Robertson/George_Robertson_006.jpg
LFW,George_Robertson,George_Robertson_007.jpg,balanced_lfw/George_Robertson/George_Robertson_007.jpg
LFW,George_Robertson,George_Robertson_008.jpg,balanced_lfw/George_Robertson/George_Robertson_008.jpg
LFW,George_Robertson,George_Robertson_009.jpg,balanced_lfw/George_Robertson/George_Robertson_009.jpg
LFW,George_W_Bush,George_W_Bush_000.jpg,balanced_lfw/George_W_Bush/George_W_Bush_000.jpg
LFW,George_W_Bush,George_W_Bush_001.jpg,balanced_lfw/George_W_Bush/George_W_Bush_001.jpg
LFW,George_W_Bush,George_W_Bush_002.jpg,balanced_lfw/George_W_Bush/George_W_Bush_002.jpg
LFW,George_W_Bush,George_W_Bush_003.jpg,balanced_lfw/George_W_Bush/George_W_Bush_003.jpg
LFW,George_W_Bush,George_W_Bush_004.jpg,balanced_lfw/George_W_Bush/George_W_Bush_004.jpg
LFW,George_W_Bush,George_W_Bush_005.jpg,balanced_lfw/George_W_Bush/George_W_Bush_005.jpg
LFW,George_W_Bush,George_W_Bush_006.jpg,balanced_lfw/George_W_Bush/George_W_Bush_006.jpg
LFW,George_W_Bush,George_W_Bush_007.jpg,balanced_lfw/George_W_Bush/George_W_Bush_007.jpg
LFW,George_W_Bush,George_W_Bush_008.jpg,balanced_lfw/George_W_Bush/George_W_Bush_008.jpg
LFW,George_W_Bush,George_W_Bush_009.jpg,balanced_lfw/George_W_Bush/George_W_Bush_009.jpg
LFW,Gerhard_Schroeder,Gerhard_Schroeder_000.jpg,balanced_lfw/Gerhard_Schroeder/Gerhard_Schroeder_000.jpg
LFW,Gerhard_Schroeder,Gerhard_Schroeder_001.jpg,balanced_lfw/Gerhard_Schroeder/Gerhard_Schroeder_001.jpg
LFW,Gerhard_Schroeder,Gerhard_Schroeder_002.jpg,balanced_lfw/Gerhard_Schroeder/Gerhard_Schroeder_002.jpg
LFW,Gerhard_Schroeder,Gerhard_Schroeder_003.jpg,balanced_lfw/Gerhard_Schroeder/Gerhard_Schroeder_003.jpg
LFW,Gerhard_Schroeder,Gerhard_Schroeder_004.jpg,balanced_lfw/Gerhard_Schroeder/Gerhard_Schroeder_004.jpg
LFW,Gerhard_Schroeder,Gerhard_Schroeder_005.jpg,balanced_lfw/Gerhard_Schroeder/Gerhard_Schroeder_005.jpg
LFW,Gerhard_Schroeder,Gerhard_Schroeder_006.jpg,balanced_lfw/Gerhard_Schroeder/Gerhard_Schroeder_006.jpg
LFW,Gerhard_Schroeder,Gerhard_Schroeder_007.jpg,balanced_lfw/Gerhard_Schroeder/Gerhard_Schroeder_007.jpg
LFW,Gerhard_Schroeder,Gerhard_Schroeder_008.jpg,balanced_lfw/Gerhard_Schroeder/Gerhard_Schroeder_008.jpg
LFW,Gerhard_Schroeder,Gerhard_Schroeder_009.jpg,balanced_lfw/Gerhard_Schroeder/Gerhard_Schroeder_009.jpg
LFW,Gloria_Macapagal_Arroyo,Gloria_Macapagal_Arroyo_000.jpg,balanced_lfw/Gloria_Macapagal_Arroyo/Gloria_Macapagal_Arroyo_000.jpg
LFW,Gloria_Macapagal_Arroyo,Gloria_Macapagal_Arroyo_001.jpg,balanced_lfw/Gloria_Macapagal_Arroyo/Gloria_Macapagal_Arroyo_001.jpg
LFW,Gloria_Macapagal_Arroyo,Gloria_Macapagal_Arroyo_002.jpg,balanced_lfw/Gloria_Macapagal_Arroyo/Gloria_Macapagal_Arroyo_002.jpg
LFW,Gloria_Macapagal_Arroyo,Gloria_Macapagal_Arroyo_003.jpg,balanced_lfw/Gloria_Macapagal_Arroyo/Gloria_Macapagal_Arroyo_003.jpg
LFW,Gloria_Macapagal_Arroyo,Gloria_Macapagal_Arroyo_004.jpg,balanced_lfw/Gloria_Macapagal_Arroyo/Gloria_Macapagal_Arroyo_004.jpg
LFW,Gloria_Macapagal_Arroyo,Gloria_Macapagal_Arroyo_005.jpg,balanced_lfw/Gloria_Macapagal_Arroyo/Gloria_Macapagal_Arroyo_005.jpg
LFW,Gloria_Macapagal_Arroyo,Gloria_Macapagal_Arroyo_006.jpg,balanced_lfw/Gloria_Macapagal_Arroyo/Gloria_Macapagal_Arroyo_006.jpg
LFW,Gloria_Macapagal_Arroyo,Gloria_Macapagal_Arroyo_007.jpg,balanced_lfw/Gloria_Macapagal_Arroyo/Gloria_Macapagal_Arroyo_007.jpg
LFW,Gloria_Macapagal_Arroyo,Gloria_Macapagal_Arroyo_008.jpg,balanced_lfw/Gloria_Macapagal_Arroyo/Gloria_Macapagal_Arroyo_008.jpg
LFW,Gloria_Macapagal_Arroyo,Gloria_Macapagal_Arroyo_009.jpg,balanced_lfw/Gloria_Macapagal_Arroyo/Gloria_Macapagal_Arroyo_009.jpg
LFW,Gray_Davis,Gray_Davis_000.jpg,balanced_lfw/Gray_Davis/Gray_Davis_000.jpg
LFW,Gray_Davis,Gray_Davis_001.jpg,balanced_lfw/Gray_Davis/Gray_Davis_001.jpg
LFW,Gray_Davis,Gray_Davis_002.jpg,balanced_lfw/Gray_Davis/Gray_Davis_002.jpg
LFW,Gray_Davis,Gray_Davis_003.jpg,balanced_lfw/Gray_Davis/Gray_Davis_003.jpg
LFW,Gray_Davis,Gray_Davis_004.jpg,balanced_lfw/Gray_Davis/Gray_Davis_004.jpg
LFW,Gray_Davis,Gray_Davis_005.jpg,balanced_lfw/Gray_Davis/Gray_Davis_005.jpg
LFW,Gray_Davis,Gray_Davis_006.jpg,balanced_lfw/Gray_Davis/Gray_Davis_006.jpg
LFW,Gray_Davis,Gray_Davis_007.jpg,balanced_lfw/Gray_Davis/Gray_Davis_007.jpg
LFW,Gray_Davis,Gray_Davis_008.jpg,balanced_lfw/Gray_Davis/Gray_Davis_008.jpg
LFW,Gray_Davis,Gray_Davis_009.jpg,balanced_lfw/Gray_Davis/Gray_Davis_009.jpg
LFW,Guillermo_Coria,Guillermo_Coria_000.jpg,balanced_lfw/Guillermo_Coria/Guillermo_Coria_000.jpg
LFW,Guillermo_Coria,Guillermo_Coria_001.jpg,balanced_lfw/Guillermo_Coria/Guillermo_Coria_001.jpg
LFW,Guillermo_Coria,Guillermo_Coria_002.jpg,balanced_lfw/Guillermo_Coria/Guillermo_Coria_002.jpg
LFW,Guillermo_Coria,Guillermo_Coria_003.jpg,balanced_lfw/Guillermo_Coria/Guillermo_Coria_003.jpg
LFW,Guillermo_Coria,Guillermo_Coria_004.jpg,balanced_lfw/Guillermo_Coria/Guillermo_Coria_004.jpg
LFW,Guillermo_Coria,Guillermo_Coria_005.jpg,balanced_lfw/Guillermo_Coria/Guillermo_Coria_005.jpg
LFW,Guillermo_Coria,Guillermo_Coria_006.jpg,balanced_lfw/Guillermo_Coria/Guillermo_Coria_006.jpg
LFW,Guillermo_Coria,Guillermo_Coria_007.jpg,balanced_lfw/Guillermo_Coria/Guillermo_Coria_007.jpg
LFW,Guillermo_Coria,Guillermo_Coria_008.jpg,balanced_lfw/Guillermo_Coria/Guillermo_Coria_008.jpg
LFW,Guillermo_Coria,Guillermo_Coria_009.jpg,balanced_lfw/Guillermo_Coria/Guillermo_Coria_009.jpg
LFW,Hans_Blix,Hans_Blix_000.jpg,balanced_lfw/Hans_Blix/Hans_Blix_000.jpg
LFW,Hans_Blix,Hans_Blix_001.jpg,balanced_lfw/Hans_Blix/Hans_Blix_001.jpg
LFW,Hans_Blix,Hans_Blix_002.jpg,balanced_lfw/Hans_Blix/Hans_Blix_002.jpg
LFW,Hans_Blix,Hans_Blix_003.jpg,balanced_lfw/Hans_Blix/Hans_Blix_003.jpg
LFW,Hans_Blix,Hans_Blix_004.jpg,balanced_lfw/Hans_Blix/Hans_Blix_004.jpg
LFW,Hans_Blix,Hans_Blix_005.jpg,balanced_lfw/Hans_Blix/Hans_Blix_005.jpg
LFW,Hans_Blix,Hans_Blix_006.jpg,balanced_lfw/Hans_Blix/Hans_Blix_006.jpg
LFW,Hans_Blix,Hans_Blix_007.jpg,balanced_lfw/Hans_Blix/Hans_Blix_007.jpg
LFW,Hans_Blix,Hans_Blix_008.jpg,balanced_lfw/Hans_Blix/Hans_Blix_008.jpg
LFW,Hans_Blix,Hans_Blix_009.jpg,balanced_lfw/Hans_Blix/Hans_Blix_009.jpg
LFW,Hugo_Chavez,Hugo_Chavez_000.jpg,balanced_lfw/Hugo_Chavez/Hugo_Chavez_000.jpg
LFW,Hugo_Chavez,Hugo_Chavez_001.jpg,balanced_lfw/Hugo_Chavez/Hugo_Chavez_001.jpg
LFW,Hugo_Chavez,Hugo_Chavez_002.jpg,balanced_lfw/Hugo_Chavez/Hugo_Chavez_002.jpg
LFW,Hugo_Chavez,Hugo_Chavez_003.jpg,balanced_lfw/Hugo_Chavez/Hugo_Chavez_003.jpg
LFW,Hugo_Chavez,Hugo_Chavez_004.jpg,balanced_lfw/Hugo_Chavez/Hugo_Chavez_004.jpg
LFW,Hugo_Chavez,Hugo_Chavez_005.jpg,balanced_lfw/Hugo_Chavez/Hugo_Chavez_005.jpg
LFW,Hugo_Chavez,Hugo_Chavez_006.jpg,balanced_lfw/Hugo_Chavez/Hugo_Chavez_006.jpg
LFW,Hugo_Chavez,Hugo_Chavez_007.jpg,balanced_lfw/Hugo_Chavez/Hugo_Chavez_007.jpg
LFW,Hugo_Chavez,Hugo_Chavez_008.jpg,balanced_lfw/Hugo_Chavez/Hugo_Chavez_008.jpg
LFW,Hugo_Chavez,Hugo_Chavez_009.jpg,balanced_lfw/Hugo_Chavez/Hugo_Chavez_009.jpg
LFW,Jack_Straw,Jack_Straw_000.jpg,balanced_lfw/Jack_Straw/Jack_Straw_000.jpg
LFW,Jack_Straw,Jack_Straw_001.jpg,balanced_lfw/Jack_Straw/Jack_Straw_001.jpg
LFW,Jack_Straw,Jack_Straw_002.jpg,balanced_lfw/Jack_Straw/Jack_Straw_002.jpg
LFW,Jack_Straw,Jack_Straw_003.jpg,balanced_lfw/Jack_Straw/Jack_Straw_003.jpg
LFW,Jack_Straw,Jack_Straw_004.jpg,balanced_lfw/Jack_Straw/Jack_Straw_004.jpg
LFW,Jack_Straw,Jack_Straw_005.jpg,balanced_lfw/Jack_Straw/Jack_Straw_005.jpg
LFW,Jack_Straw,Jack_Straw_006.jpg,balanced_lfw/Jack_Straw/Jack_Straw_006.jpg
LFW,Jack_Straw,Jack_Straw_007.jpg,balanced_lfw/Jack_Straw/Jack_Straw_007.jpg
LFW,Jack_Straw,Jack_Straw_008.jpg,balanced_lfw/Jack_Straw/Jack_Straw_008.jpg
LFW,Jack_Straw,Jack_Straw_009.jpg,balanced_lfw/Jack_Straw/Jack_Straw_009.jpg
LFW,Jacques_Chirac,Jacques_Chirac_000.jpg,balanced_lfw/Jacques_Chirac/Jacques_Chirac_000.jpg
LFW,Jacques_Chirac,Jacques_Chirac_001.jpg,balanced_lfw/Jacques_Chirac/Jacques_Chirac_001.jpg
LFW,Jacques_Chirac,Jacques_Chirac_002.jpg,balanced_lfw/Jacques_Chirac/Jacques_Chirac_002.jpg
LFW,Jacques_Chirac,Jacques_Chirac_003.jpg,balanced_lfw/Jacques_Chirac/Jacques_Chirac_003.jpg
LFW,Jacques_Chirac,Jacques_Chirac_004.jpg,balanced_lfw/Jacques_Chirac/Jacques_Chirac_004.jpg
LFW,Jacques_Chirac,Jacques_Chirac_005.jpg,balanced_lfw/Jacques_Chirac/Jacques_Chirac_005.jpg
LFW,Jacques_Chirac,Jacques_Chirac_006.jpg,balanced_lfw/Jacques_Chirac/Jacques_Chirac_006.jpg
LFW,Jacques_Chirac,Jacques_Chirac_007.jpg,balanced_lfw/Jacques_Chirac/Jacques_Chirac_007.jpg
LFW,Jacques_Chirac,Jacques_Chirac_008.jpg,balanced_lfw/Jacques_Chirac/Jacques_Chirac_008.jpg
LFW,Jacques_Chirac,Jacques_Chirac_009.jpg,balanced_lfw/Jacques_Chirac/Jacques_Chirac_009.jpg
LFW,Jean_Chretien,Jean_Chretien_000.jpg,balanced_lfw/Jean_Chretien/Jean_Chretien_000.jpg
LFW,Jean_Chretien,Jean_Chretien_001.jpg,balanced_lfw/Jean_Chretien/Jean_Chretien_001.jpg
LFW,Jean_Chretien,Jean_Chretien_002.jpg,balanced_lfw/Jean_Chretien/Jean_Chretien_002.jpg
LFW,Jean_Chretien,Jean_Chretien_003.jpg,balanced_lfw/Jean_Chretien/Jean_Chretien_003.jpg
LFW,Jean_Chretien,Jean_Chretien_004.jpg,balanced_lfw/Jean_Chretien/Jean_Chretien_004.jpg
LFW,Jean_Chretien,Jean_Chretien_005.jpg,balanced_lfw/Jean_Chretien/Jean_Chretien_005.jpg
LFW,Jean_Chretien,Jean_Chretien_006.jpg,balanced_lfw/Jean_Chretien/Jean_Chretien_006.jpg
LFW,Jean_Chretien,Jean_Chretien_007.jpg,balanced_lfw/Jean_Chretien/Jean_Chretien_007.jpg
LFW,Jean_Chretien,Jean_Chretien_008.jpg,balanced_lfw/Jean_Chretien/Jean_Chretien_008.jpg
LFW,Jean_Chretien,Jean_Chretien_009.jpg,balanced_lfw/Jean_Chretien/Jean_Chretien_009.jpg
LFW,Jennifer_Capriati,Jennifer_Capriati_000.jpg,balanced_lfw/Jennifer_Capriati/Jennifer_Capriati_000.jpg
LFW,Jennifer_Capriati,Jennifer_Capriati_001.jpg,balanced_lfw/Jennifer_Capriati/Jennifer_Capriati_001.jpg
LFW,Jennifer_Capriati,Jennifer_Capriati_002.jpg,balanced_lfw/Jennifer_Capriati/Jennifer_Capriati_002.jpg
LFW,Jennifer_Capriati,Jennifer_Capriati_003.jpg,balanced_lfw/Jennifer_Capriati/Jennifer_Capriati_003.jpg
LFW,Jennifer_Capriati,Jennifer_Capriati_004.jpg,balanced_lfw/Jennifer_Capriati/Jennifer_Capriati_004.jpg
LFW,Jennifer_Capriati,Jennifer_Capriati_005.jpg,balanced_lfw/Jennifer_Capriati/Jennifer_Capriati_005.jpg
LFW,Jennifer_Capriati,Jennifer_Capriati_006.jpg,balanced_lfw/Jennifer_Capriati/Jennifer_Capriati_006.jpg
LFW,Jennifer_Capriati,Jennifer_Capriati_007.jpg,balanced_lfw/Jennifer_Capriati/Jennifer_Capriati_007.jpg
LFW,Jennifer_Capriati,Jennifer_Capriati_008.jpg,balanced_lfw/Jennifer_Capriati/Jennifer_Capriati_008.jpg
LFW,Jennifer_Capriati,Jennifer_Capriati_009.jpg,balanced_lfw/Jennifer_Capriati/Jennifer_Capriati_009.jpg
LFW,Jeremy_Greenstock,Jeremy_Greenstock_000.jpg,balanced_lfw/Jeremy_Greenstock/Jeremy_Greenstock_000.jpg
LFW,Jeremy_Greenstock,Jeremy_Greenstock_001.jpg,balanced_lfw/Jeremy_Greenstock/Jeremy_Greenstock_001.jpg
LFW,Jeremy_Greenstock,Jeremy_Greenstock_002.jpg,balanced_lfw/Jeremy_Greenstock/Jeremy_Greenstock_002.jpg
LFW,Jeremy_Greenstock,Jeremy_Greenstock_003.jpg,balanced_lfw/Jeremy_Greenstock/Jeremy_Greenstock_003.jpg
LFW,Jeremy_Greenstock,Jeremy_Greenstock_004.jpg,balanced_lfw/Jeremy_Greenstock/Jeremy_Greenstock_004.jpg
LFW,Jeremy_Greenstock,Jeremy_Greenstock_005.jpg,balanced_lfw/Jeremy_Greenstock/Jeremy_Greenstock_005.jpg
LFW,Jeremy_Greenstock,Jeremy_Greenstock_006.jpg,balanced_lfw/Jeremy_Greenstock/Jeremy_Greenstock_006.jpg
LFW,Jeremy_Greenstock,Jeremy_Greenstock_007.jpg,balanced_lfw/Jeremy_Greenstock/Jeremy_Greenstock_007.jpg
LFW,Jeremy_Greenstock,Jeremy_Greenstock_008.jpg,balanced_lfw/Jeremy_Greenstock/Jeremy_Greenstock_008.jpg
LFW,Jeremy_Greenstock,Jeremy_Greenstock_009.jpg,balanced_lfw/Jeremy_Greenstock/Jeremy_Greenstock_009.jpg
LFW,John_Ashcroft,John_Ashcroft_000.jpg,balanced_lfw/John_Ashcroft/John_Ashcroft_000.jpg
LFW,John_Ashcroft,John_Ashcroft_001.jpg,balanced_lfw/John_Ashcroft/John_Ashcroft_001.jpg
LFW,John_Ashcroft,John_Ashcroft_002.jpg,balanced_lfw/John_Ashcroft/John_Ashcroft_002.jpg
LFW,John_Ashcroft,John_Ashcroft_003.jpg,balanced_lfw/John_Ashcroft/John_Ashcroft_003.jpg
LFW,John_Ashcroft,John_Ashcroft_004.jpg,balanced_lfw/John_Ashcroft/John_Ashcroft_004.jpg
LFW,John_Ashcroft,John_Ashcroft_005.jpg,balanced_lfw/John_Ashcroft/John_Ashcroft_005.jpg
LFW,John_Ashcroft,John_Ashcroft_006.jpg,balanced_lfw/John_Ashcroft/John_Ashcroft_006.jpg
LFW,John_Ashcroft,John_Ashcroft_007.jpg,balanced_lfw/John_Ashcroft/John_Ashcroft_007.jpg
LFW,John_Ashcroft,John_Ashcroft_008.jpg,balanced_lfw/John_Ashcroft/John_Ashcroft_008.jpg
LFW,John_Ashcroft,John_Ashcroft_009.jpg,balanced_lfw/John_Ashcroft/John_Ashcroft_009.jpg
LFW,John_Negroponte,John_Negroponte_000.jpg,balanced_lfw/John_Negroponte/John_Negroponte_000.jpg
LFW,John_Negroponte,John_Negroponte_001.jpg,balanced_lfw/John_Negroponte/John_Negroponte_001.jpg
LFW,John_Negroponte,John_Negroponte_002.jpg,balanced_lfw/John_Negroponte/John_Negroponte_002.jpg
LFW,John_Negroponte,John_Negroponte_003.jpg,balanced_lfw/John_Negroponte/John_Negroponte_003.jpg
LFW,John_Negroponte,John_Negroponte_004.jpg,balanced_lfw/John_Negroponte/John_Negroponte_004.jpg
LFW,John_Negroponte,John_Negroponte_005.jpg,balanced_lfw/John_Negroponte/John_Negroponte_005.jpg
LFW,John_Negroponte,John_Negroponte_006.jpg,balanced_lfw/John_Negroponte/John_Negroponte_006.jpg
LFW,John_Negroponte,John_Negroponte_007.jpg,balanced_lfw/John_Negroponte/John_Negroponte_007.jpg
LFW,John_Negroponte,John_Negroponte_008.jpg,balanced_lfw/John_Negroponte/John_Negroponte_008.jpg
LFW,John_Negroponte,John_Negroponte_009.jpg,balanced_lfw/John_Negroponte/John_Negroponte_009.jpg
LFW,Jose_Maria_Aznar,Jose_Maria_Aznar_000.jpg,balanced_lfw/Jose_Maria_Aznar/Jose_Maria_Aznar_000.jpg
LFW,Jose_Maria_Aznar,Jose_Maria_Aznar_001.jpg,balanced_lfw/Jose_Maria_Aznar/Jose_Maria_Aznar_001.jpg
LFW,Jose_Maria_Aznar,Jose_Maria_Aznar_002.jpg,balanced_lfw/Jose_Maria_Aznar/Jose_Maria_Aznar_002.jpg
LFW,Jose_Maria_Aznar,Jose_Maria_Aznar_003.jpg,balanced_lfw/Jose_Maria_Aznar/Jose_Maria_Aznar_003.jpg
LFW,Jose_Maria_Aznar,Jose_Maria_Aznar_004.jpg,balanced_lfw/Jose_Maria_Aznar/Jose_Maria_Aznar_004.jpg
LFW,Jose_Maria_Aznar,Jose_Maria_Aznar_005.jpg,balanced_lfw/Jose_Maria_Aznar/Jose_Maria_Aznar_005.jpg
LFW,Jose_Maria_Aznar,Jose_Maria_Aznar_006.jpg,balanced_lfw/Jose_Maria_Aznar/Jose_Maria_Aznar_006.jpg
LFW,Jose_Maria_Aznar,Jose_Maria_Aznar_007.jpg,balanced_lfw/Jose_Maria_Aznar/Jose_Maria_Aznar_007.jpg
LFW,Jose_Maria_Aznar,Jose_Maria_Aznar_008.jpg,balanced_lfw/Jose_Maria_Aznar/Jose_Maria_Aznar_008.jpg
LFW,Jose_Maria_Aznar,Jose_Maria_Aznar_009.jpg,balanced_lfw/Jose_Maria_Aznar/Jose_Maria_Aznar_009.jpg
LFW,Juan_Carlos_Ferrero,Juan_Carlos_Ferrero_000.jpg,balanced_lfw/Juan_Carlos_Ferrero/Juan_Carlos_Ferrero_000.jpg
LFW,Juan_Carlos_Ferrero,Juan_Carlos_Ferrero_001.jpg,balanced_lfw/Juan_Carlos_Ferrero/Juan_Carlos_Ferrero_001.jpg
LFW,Juan_Carlos_Ferrero,Juan_Carlos_Ferrero_002.jpg,balanced_lfw/Juan_Carlos_Ferrero/Juan_Carlos_Ferrero_002.jpg
LFW,Juan_Carlos_Ferrero,Juan_Carlos_Ferrero_003.jpg,balanced_lfw/Juan_Carlos_Ferrero/Juan_Carlos_Ferrero_003.jpg
LFW,Juan_Carlos_Ferrero,Juan_Carlos_Ferrero_004.jpg,balanced_lfw/Juan_Carlos_Ferrero/Juan_Carlos_Ferrero_004.jpg
LFW,Juan_Carlos_Ferrero,Juan_Carlos_Ferrero_005.jpg,balanced_lfw/Juan_Carlos_Ferrero/Juan_Carlos_Ferrero_005.jpg
LFW,Juan_Carlos_Ferrero,Juan_Carlos_Ferrero_006.jpg,balanced_lfw/Juan_Carlos_Ferrero/Juan_Carlos_Ferrero_006.jpg
LFW,Juan_Carlos_Ferrero,Juan_Carlos_Ferrero_007.jpg,balanced_lfw/Juan_Carlos_Ferrero/Juan_Carlos_Ferrero_007.jpg
LFW,Juan_Carlos_Ferrero,Juan_Carlos_Ferrero_008.jpg,balanced_lfw/Juan_Carlos_Ferrero/Juan_Carlos_Ferrero_008.jpg
LFW,Juan_Carlos_Ferrero,Juan_Carlos_Ferrero_009.jpg,balanced_lfw/Juan_Carlos_Ferrero/Juan_Carlos_Ferrero_009.jpg
LFW,Junichiro_Koizumi,Junichiro_Koizumi_000.jpg,balanced_lfw/Junichiro_Koizumi/Junichiro_Koizumi_000.jpg
LFW,Junichiro_Koizumi,Junichiro_Koizumi_001.jpg,balanced_lfw/Junichiro_Koizumi/Junichiro_Koizumi_001.jpg
LFW,Junichiro_Koizumi,Junichiro_Koizumi_002.jpg,balanced_lfw/Junichiro_Koizumi/Junichiro_Koizumi_002.jpg
LFW,Junichiro_Koizumi,Junichiro_Koizumi_003.jpg,balanced_lfw/Junichiro_Koizumi/Junichiro_Koizumi_003.jpg
LFW,Junichiro_Koizumi,Junichiro_Koizumi_004.jpg,balanced_lfw/Junichiro_Koizumi/Junichiro_Koizumi_004.jpg
LFW,Junichiro_Koizumi,Junichiro_Koizumi_005.jpg,balanced_lfw/Junichiro_Koizumi/Junichiro_Koizumi_005.jpg
LFW,Junichiro_Koizumi,Junichiro_Koizumi_006.jpg,balanced_lfw/Junichiro_Koizumi/Junichiro_Koizumi_006.jpg
LFW,Junichiro_Koizumi,Junichiro_Koizumi_007.jpg,balanced_lfw/Junichiro_Koizumi/Junichiro_Koizumi_007.jpg
LFW,Junichiro_Koizumi,Junichiro_Koizumi_008.jpg,balanced_lfw/Junichiro_Koizumi/Junichiro_Koizumi_008.jpg
LFW,Junichiro_Koizumi,Junichiro_Koizumi_009.jpg,balanced_lfw/Junichiro_Koizumi/Junichiro_Koizumi_009.jpg
LFW,Kofi_Annan,Kofi_Annan_000.jpg,balanced_lfw/Kofi_Annan/Kofi_Annan_000.jpg
LFW,Kofi_Annan,Kofi_Annan_001.jpg,balanced_lfw/Kofi_Annan/Kofi_Annan_001.jpg
LFW,Kofi_Annan,Kofi_Annan_002.jpg,balanced_lfw/Kofi_Annan/Kofi_Annan_002.jpg
LFW,Kofi_Annan,Kofi_Annan_003.jpg,balanced_lfw/Kofi_Annan/Kofi_Annan_003.jpg
LFW,Kofi_Annan,Kofi_Annan_004.jpg,balanced_lfw/Kofi_Annan/Kofi_Annan_004.jpg
LFW,Kofi_Annan,Kofi_Annan_005.jpg,balanced_lfw/Kofi_Annan/Kofi_Annan_005.jpg
LFW,Kofi_Annan,Kofi_Annan_006.jpg,balanced_lfw/Kofi_Annan/Kofi_Annan_006.jpg
LFW,Kofi_Annan,Kofi_Annan_007.jpg,balanced_lfw/Kofi_Annan/Kofi_Annan_007.jpg
LFW,Kofi_Annan,Kofi_Annan_008.jpg,balanced_lfw/Kofi_Annan/Kofi_Annan_008.jpg
LFW,Kofi_Annan,Kofi_Annan_009.jpg,balanced_lfw/Kofi_Annan/Kofi_Annan_009.jpg
LFW,Laura_Bush,Laura_Bush_000.jpg,balanced_lfw/Laura_Bush/Laura_Bush_000.jpg
LFW,Laura_Bush,Laura_Bush_001.jpg,balanced_lfw/Laura_Bush/Laura_Bush_001.jpg
LFW,Laura_Bush,Laura_Bush_002.jpg,balanced_lfw/Laura_Bush/Laura_Bush_002.jpg
LFW,Laura_Bush,Laura_Bush_003.jpg,balanced_lfw/Laura_Bush/Laura_Bush_003.jpg
LFW,Laura_Bush,Laura_Bush_004.jpg,balanced_lfw/Laura_Bush/Laura_Bush_004.jpg
LFW,Laura_Bush,Laura_Bush_005.jpg,balanced_lfw/Laura_Bush/Laura_Bush_005.jpg
LFW,Laura_Bush,Laura_Bush_006.jpg,balanced_lfw/Laura_Bush/Laura_Bush_006.jpg
LFW,Laura_Bush,Laura_Bush_007.jpg,balanced_lfw/Laura_Bush/Laura_Bush_007.jpg
LFW,Laura_Bush,Laura_Bush_008.jpg,balanced_lfw/Laura_Bush/Laura_Bush_008.jpg
LFW,Laura_Bush,Laura_Bush_009.jpg,balanced_lfw/Laura_Bush/Laura_Bush_009.jpg
LFW,Lleyton_Hewitt,Lleyton_Hewitt_000.jpg,balanced_lfw/Lleyton_Hewitt/Lleyton_Hewitt_000.jpg
LFW,Lleyton_Hewitt,Lleyton_Hewitt_001.jpg,balanced_lfw/Lleyton_Hewitt/Lleyton_Hewitt_001.jpg
LFW,Lleyton_Hewitt,Lleyton_Hewitt_002.jpg,balanced_lfw/Lleyton_Hewitt/Lleyton_Hewitt_002.jpg
LFW,Lleyton_Hewitt,Lleyton_Hewitt_003.jpg,balanced_lfw/Lleyton_Hewitt/Lleyton_Hewitt_003.jpg
LFW,Lleyton_Hewitt,Lleyton_Hewitt_004.jpg,balanced_lfw/Lleyton_Hewitt/Lleyton_Hewitt_004.jpg
LFW,Lleyton_Hewitt,Lleyton_Hewitt_005.jpg,balanced_lfw/Lleyton_Hewitt/Lleyton_Hewitt_005.jpg
LFW,Lleyton_Hewitt,Lleyton_Hewitt_006.jpg,balanced_lfw/Lleyton_Hewitt/Lleyton_Hewitt_006.jpg
LFW,Lleyton_Hewitt,Lleyton_Hewitt_007.jpg,balanced_lfw/Lleyton_Hewitt/Lleyton_Hewitt_007.jpg
LFW,Lleyton_Hewitt,Lleyton_Hewitt_008.jpg,balanced_lfw/Lleyton_Hewitt/Lleyton_Hewitt_008.jpg
LFW,Lleyton_Hewitt,Lleyton_Hewitt_009.jpg,balanced_lfw/Lleyton_Hewitt/Lleyton_Hewitt_009.jpg
LFW,Luiz_Inacio_Lula_da_Silva,Luiz_Inacio_Lula_da_Silva_000.jpg,balanced_lfw/Luiz_Inacio_Lula_da_Silva/Luiz_Inacio_Lula_da_Silva_000.jpg
LFW,Luiz_Inacio_Lula_da_Silva,Luiz_Inacio_Lula_da_Silva_001.jpg,balanced_lfw/Luiz_Inacio_Lula_da_Silva/Luiz_Inacio_Lula_da_Silva_001.jpg
LFW,Luiz_Inacio_Lula_da_Silva,Luiz_Inacio_Lula_da_Silva_002.jpg,balanced_lfw/Luiz_Inacio_Lula_da_Silva/Luiz_Inacio_Lula_da_Silva_002.jpg
LFW,Luiz_Inacio_Lula_da_Silva,Luiz_Inacio_Lula_da_Silva_003.jpg,balanced_lfw/Luiz_Inacio_Lula_da_Silva/Luiz_Inacio_Lula_da_Silva_003.jpg
LFW,Luiz_Inacio_Lula_da_Silva,Luiz_Inacio_Lula_da_Silva_004.jpg,balanced_lfw/Luiz_Inacio_Lula_da_Silva/Luiz_Inacio_Lula_da_Silva_004.jpg
LFW,Luiz_Inacio_Lula_da_Silva,Luiz_Inacio_Lula_da_Silva_005.jpg,balanced_lfw/Luiz_Inacio_Lula_da_Silva/Luiz_Inacio_Lula_da_Silva_005.jpg
LFW,Luiz_Inacio_Lula_da_Silva,Luiz_Inacio_Lula_da_Silva_006.jpg,balanced_lfw/Luiz_Inacio_Lula_da_Silva/Luiz_Inacio_Lula_da_Silva_006.jpg
LFW,Luiz_Inacio_Lula_da_Silva,Luiz_Inacio_Lula_da_Silva_007.jpg,balanced_lfw/Luiz_Inacio_Lula_da_Silva/Luiz_Inacio_Lula_da_Silva_007.jpg
LFW,Luiz_Inacio_Lula_da_Silva,Luiz_Inacio_Lula_da_Silva_008.jpg,balanced_lfw/Luiz_Inacio_Lula_da_Silva/Luiz_Inacio_Lula_da_Silva_008.jpg
LFW,Luiz_Inacio_Lula_da_Silva,Luiz_Inacio_Lula_da_Silva_009.jpg,balanced_lfw/Luiz_Inacio_Lula_da_Silva/Luiz_Inacio_Lula_da_Silva_009.jpg
LFW,Mahmoud_Abbas,Mahmoud_Abbas_000.jpg,balanced_lfw/Mahmoud_Abbas/Mahmoud_Abbas_000.jpg
LFW,Mahmoud_Abbas,Mahmoud_Abbas_001.jpg,balanced_lfw/Mahmoud_Abbas/Mahmoud_Abbas_001.jpg
LFW,Mahmoud_Abbas,Mahmoud_Abbas_002.jpg,balanced_lfw/Mahmoud_Abbas/Mahmoud_Abbas_002.jpg
LFW,Mahmoud_Abbas,Mahmoud_Abbas_003.jpg,balanced_lfw/Mahmoud_Abbas/Mahmoud_Abbas_003.jpg
LFW,Mahmoud_Abbas,Mahmoud_Abbas_004.jpg,balanced_lfw/Mahmoud_Abbas/Mahmoud_Abbas_004.jpg
LFW,Mahmoud_Abbas,Mahmoud_Abbas_005.jpg,balanced_lfw/Mahmoud_Abbas/Mahmoud_Abbas_005.jpg
LFW,Mahmoud_Abbas,Mahmoud_Abbas_006.jpg,balanced_lfw/Mahmoud_Abbas/Mahmoud_Abbas_006.jpg
LFW,Mahmoud_Abbas,Mahmoud_Abbas_007.jpg,balanced_lfw/Mahmoud_Abbas/Mahmoud_Abbas_007.jpg
LFW,Mahmoud_Abbas,Mahmoud_Abbas_008.jpg,balanced_lfw/Mahmoud_Abbas/Mahmoud_Abbas_008.jpg
LFW,Mahmoud_Abbas,Mahmoud_Abbas_009.jpg,balanced_lfw/Mahmoud_Abbas/Mahmoud_Abbas_009.jpg
LFW,Megawati_Sukarnoputri,Megawati_Sukarnoputri_000.jpg,balanced_lfw/Megawati_Sukarnoputri/Megawati_Sukarnoputri_000.jpg
LFW,Megawati_Sukarnoputri,Megawati_Sukarnoputri_001.jpg,balanced_lfw/Megawati_Sukarnoputri/Megawati_Sukarnoputri_001.jpg
LFW,Megawati_Sukarnoputri,Megawati_Sukarnoputri_002.jpg,balanced_lfw/Megawati_Sukarnoputri/Megawati_Sukarnoputri_002.jpg
LFW,Megawati_Sukarnoputri,Megawati_Sukarnoputri_003.jpg,balanced_lfw/Megawati_Sukarnoputri/Megawati_Sukarnoputri_003.jpg
LFW,Megawati_Sukarnoputri,Megawati_Sukarnoputri_004.jpg,balanced_lfw/Megawati_Sukarnoputri/Megawati_Sukarnoputri_004.jpg
LFW,Megawati_Sukarnoputri,Megawati_Sukarnoputri_005.jpg,balanced_lfw/Megawati_Sukarnoputri/Megawati_Sukarnoputri_005.jpg
LFW,Megawati_Sukarnoputri,Megawati_Sukarnoputri_006.jpg,balanced_lfw/Megawati_Sukarnoputri/Megawati_Sukarnoputri_006.jpg
LFW,Megawati_Sukarnoputri,Megawati_Sukarnoputri_007.jpg,balanced_lfw/Megawati_Sukarnoputri/Megawati_Sukarnoputri_007.jpg
LFW,Megawati_Sukarnoputri,Megawati_Sukarnoputri_008.jpg,balanced_lfw/Megawati_Sukarnoputri/Megawati_Sukarnoputri_008.jpg
LFW,Megawati_Sukarnoputri,Megawati_Sukarnoputri_009.jpg,balanced_lfw/Megawati_Sukarnoputri/Megawati_Sukarnoputri_009.jpg
LFW,Naomi_Watts,Naomi_Watts_000.jpg,balanced_lfw/Naomi_Watts/Naomi_Watts_000.jpg
LFW,Naomi_Watts,Naomi_Watts_001.jpg,balanced_lfw/Naomi_Watts/Naomi_Watts_001.jpg
LFW,Naomi_Watts,Naomi_Watts_002.jpg,balanced_lfw/Naomi_Watts/Naomi_Watts_002.jpg
LFW,Naomi_Watts,Naomi_Watts_003.jpg,balanced_lfw/Naomi_Watts/Naomi_Watts_003.jpg
LFW,Naomi_Watts,Naomi_Watts_004.jpg,balanced_lfw/Naomi_Watts/Naomi_Watts_004.jpg
LFW,Naomi_Watts,Naomi_Watts_005.jpg,balanced_lfw/Naomi_Watts/Naomi_Watts_005.jpg
LFW,Naomi_Watts,Naomi_Watts_006.jpg,balanced_lfw/Naomi_Watts/Naomi_Watts_006.jpg
LFW,Naomi_Watts,Naomi_Watts_007.jpg,balanced_lfw/Naomi_Watts/Naomi_Watts_007.jpg
LFW,Naomi_Watts,Naomi_Watts_008.jpg,balanced_lfw/Naomi_Watts/Naomi_Watts_008.jpg
LFW,Naomi_Watts,Naomi_Watts_009.jpg,balanced_lfw/Naomi_Watts/Naomi_Watts_009.jpg
LFW,Nestor_Kirchner,Nestor_Kirchner_000.jpg,balanced_lfw/Nestor_Kirchner/Nestor_Kirchner_000.jpg
LFW,Nestor_Kirchner,Nestor_Kirchner_001.jpg,balanced_lfw/Nestor_Kirchner/Nestor_Kirchner_001.jpg
LFW,Nestor_Kirchner,Nestor_Kirchner_002.jpg,balanced_lfw/Nestor_Kirchner/Nestor_Kirchner_002.jpg
LFW,Nestor_Kirchner,Nestor_Kirchner_003.jpg,balanced_lfw/Nestor_Kirchner/Nestor_Kirchner_003.jpg
LFW,Nestor_Kirchner,Nestor_Kirchner_004.jpg,balanced_lfw/Nestor_Kirchner/Nestor_Kirchner_004.jpg
LFW,Nestor_Kirchner,Nestor_Kirchner_005.jpg,balanced_lfw/Nestor_Kirchner/Nestor_Kirchner_005.jpg
LFW,Nestor_Kirchner,Nestor_Kirchner_006.jpg,balanced_lfw/Nestor_Kirchner/Nestor_Kirchner_006.jpg
LFW,Nestor_Kirchner,Nestor_Kirchner_007.jpg,balanced_lfw/Nestor_Kirchner/Nestor_Kirchner_007.jpg
LFW,Nestor_Kirchner,Nestor_Kirchner_008.jpg,balanced_lfw/Nestor_Kirchner/Nestor_Kirchner_008.jpg
LFW,Nestor_Kirchner,Nestor_Kirchner_009.jpg,balanced_lfw/Nestor_Kirchner/Nestor_Kirchner_009.jpg
LFW,Recep_Tayyip_Erdogan,Recep_Tayyip_Erdogan_000.jpg,balanced_lfw/Recep_Tayyip_Erdogan/Recep_Tayyip_Erdogan_000.jpg
LFW,Recep_Tayyip_Erdogan,Recep_Tayyip_Erdogan_001.jpg,balanced_lfw/Recep_Tayyip_Erdogan/Recep_Tayyip_Erdogan_001.jpg
LFW,Recep_Tayyip_Erdogan,Recep_Tayyip_Erdogan_002.jpg,balanced_lfw/Recep_Tayyip_Erdogan/Recep_Tayyip_Erdogan_002.jpg
LFW,Recep_Tayyip_Erdogan,Recep_Tayyip_Erdogan_003.jpg,balanced_lfw/Recep_Tayyip_Erdogan/Recep_Tayyip_Erdogan_003.jpg
LFW,Recep_Tayyip_Erdogan,Recep_Tayyip_Erdogan_004.jpg,balanced_lfw/Recep_Tayyip_Erdogan/Recep_Tayyip_Erdogan_004.jpg
LFW,Recep_Tayyip_Erdogan,Recep_Tayyip_Erdogan_005.jpg,balanced_lfw/Recep_Tayyip_Erdogan/Recep_Tayyip_Erdogan_005.jpg
LFW,Recep_Tayyip_Erdogan,Recep_Tayyip_Erdogan_006.jpg,balanced_lfw/Recep_Tayyip_Erdogan/Recep_Tayyip_Erdogan_006.jpg
LFW,Recep_Tayyip_Erdogan,Recep_Tayyip_Erdogan_007.jpg,balanced_lfw/Recep_Tayyip_Erdogan/Recep_Tayyip_Erdogan_007.jpg
LFW,Recep_Tayyip_Erdogan,Recep_Tayyip_Erdogan_008.jpg,balanced_lfw/Recep_Tayyip_Erdogan/Recep_Tayyip_Erdogan_008.jpg
LFW,Recep_Tayyip_Erdogan,Recep_Tayyip_Erdogan_009.jpg,balanced_lfw/Recep_Tayyip_Erdogan/Recep_Tayyip_Erdogan_009.jpg
LFW,Ricardo_Lagos,Ricardo_Lagos_000.jpg,balanced_lfw/Ricardo_Lagos/Ricardo_Lagos_000.jpg
LFW,Ricardo_Lagos,Ricardo_Lagos_001.jpg,balanced_lfw/Ricardo_Lagos/Ricardo_Lagos_001.jpg
LFW,Ricardo_Lagos,Ricardo_Lagos_002.jpg,balanced_lfw/Ricardo_Lagos/Ricardo_Lagos_002.jpg
LFW,Ricardo_Lagos,Ricardo_Lagos_003.jpg,balanced_lfw/Ricardo_Lagos/Ricardo_Lagos_003.jpg
LFW,Ricardo_Lagos,Ricardo_Lagos_004.jpg,balanced_lfw/Ricardo_Lagos/Ricardo_Lagos_004.jpg
LFW,Ricardo_Lagos,Ricardo_Lagos_005.jpg,balanced_lfw/Ricardo_Lagos/Ricardo_Lagos_005.jpg
LFW,Ricardo_Lagos,Ricardo_Lagos_006.jpg,balanced_lfw/Ricardo_Lagos/Ricardo_Lagos_006.jpg
LFW,Ricardo_Lagos,Ricardo_Lagos_007.jpg,balanced_lfw/Ricardo_Lagos/Ricardo_Lagos_007.jpg
LFW,Ricardo_Lagos,Ricardo_Lagos_008.jpg,balanced_lfw/Ricardo_Lagos/Ricardo_Lagos_008.jpg
LFW,Ricardo_Lagos,Ricardo_Lagos_009.jpg,balanced_lfw/Ricardo_Lagos/Ricardo_Lagos_009.jpg
LFW,Roh_Moo-hyun,Roh_Moo-hyun_000.jpg,balanced_lfw/Roh_Moo-hyun/Roh_Moo-hyun_000.jpg
LFW,Roh_Moo-hyun,Roh_Moo-hyun_001.jpg,balanced_lfw/Roh_Moo-hyun/Roh_Moo-hyun_001.jpg
LFW,Roh_Moo-hyun,Roh_Moo-hyun_002.jpg,balanced_lfw/Roh_Moo-hyun/Roh_Moo-hyun_002.jpg
LFW,Roh_Moo-hyun,Roh_Moo-hyun_003.jpg,balanced_lfw/Roh_Moo-hyun/Roh_Moo-hyun_003.jpg
LFW,Roh_Moo-hyun,Roh_Moo-hyun_004.jpg,balanced_lfw/Roh_Moo-hyun/Roh_Moo-hyun_004.jpg
LFW,Roh_Moo-hyun,Roh_Moo-hyun_005.jpg,balanced_lfw/Roh_Moo-hyun/Roh_Moo-hyun_005.jpg
LFW,Roh_Moo-hyun,Roh_Moo-hyun_006.jpg,balanced_lfw/Roh_Moo-hyun/Roh_Moo-hyun_006.jpg
LFW,Roh_Moo-hyun,Roh_Moo-hyun_007.jpg,balanced_lfw/Roh_Moo-hyun/Roh_Moo-hyun_007.jpg
LFW,Roh_Moo-hyun,Roh_Moo-hyun_008.jpg,balanced_lfw/Roh_Moo-hyun/Roh_Moo-hyun_008.jpg
LFW,Roh_Moo-hyun,Roh_Moo-hyun_009.jpg,balanced_lfw/Roh_Moo-hyun/Roh_Moo-hyun_009.jpg
LFW,Rudolph_Giuliani,Rudolph_Giuliani_000.jpg,balanced_lfw/Rudolph_Giuliani/Rudolph_Giuliani_000.jpg
LFW,Rudolph_Giuliani,Rudolph_Giuliani_001.jpg,balanced_lfw/Rudolph_Giuliani/Rudolph_Giuliani_001.jpg
LFW,Rudolph_Giuliani,Rudolph_Giuliani_002.jpg,balanced_lfw/Rudolph_Giuliani/Rudolph_Giuliani_002.jpg
LFW,Rudolph_Giuliani,Rudolph_Giuliani_003.jpg,balanced_lfw/Rudolph_Giuliani/Rudolph_Giuliani_003.jpg
LFW,Rudolph_Giuliani,Rudolph_Giuliani_004.jpg,balanced_lfw/Rudolph_Giuliani/Rudolph_Giuliani_004.jpg
LFW,Rudolph_Giuliani,Rudolph_Giuliani_005.jpg,balanced_lfw/Rudolph_Giuliani/Rudolph_Giuliani_005.jpg
LFW,Rudolph_Giuliani,Rudolph_Giuliani_006.jpg,balanced_lfw/Rudolph_Giuliani/Rudolph_Giuliani_006.jpg
LFW,Rudolph_Giuliani,Rudolph_Giuliani_007.jpg,balanced_lfw/Rudolph_Giuliani/Rudolph_Giuliani_007.jpg
LFW,Rudolph_Giuliani,Rudolph_Giuliani_008.jpg,balanced_lfw/Rudolph_Giuliani/Rudolph_Giuliani_008.jpg
LFW,Rudolph_Giuliani,Rudolph_Giuliani_009.jpg,balanced_lfw/Rudolph_Giuliani/Rudolph_Giuliani_009.jpg
LFW,Saddam_Hussein,Saddam_Hussein_000.jpg,balanced_lfw/Saddam_Hussein/Saddam_Hussein_000.jpg
LFW,Saddam_Hussein,Saddam_Hussein_001.jpg,balanced_lfw/Saddam_Hussein/Saddam_Hussein_001.jpg
LFW,Saddam_Hussein,Saddam_Hussein_002.jpg,balanced_lfw/Saddam_Hussein/Saddam_Hussein_002.jpg
LFW,Saddam_Hussein,Saddam_Hussein_003.jpg,balanced_lfw/Saddam_Hussein/Saddam_Hussein_003.jpg
LFW,Saddam_Hussein,Saddam_Hussein_004.jpg,balanced_lfw/Saddam_Hussein/Saddam_Hussein_004.jpg
LFW,Saddam_Hussein,Saddam_Hussein_005.jpg,balanced_lfw/Saddam_Hussein/Saddam_Hussein_005.jpg
LFW,Saddam_Hussein,Saddam_Hussein_006.jpg,balanced_lfw/Saddam_Hussein/Saddam_Hussein_006.jpg
LFW,Saddam_Hussein,Saddam_Hussein_007.jpg,balanced_lfw/Saddam_Hussein/Saddam_Hussein_007.jpg
LFW,Saddam_Hussein,Saddam_Hussein_008.jpg,balanced_lfw/Saddam_Hussein/Saddam_Hussein_008.jpg
LFW,Saddam_Hussein,Saddam_Hussein_009.jpg,balanced_lfw/Saddam_Hussein/Saddam_Hussein_009.jpg
LFW,Serena_Williams,Serena_Williams_000.jpg,balanced_lfw/Serena_Williams/Serena_Williams_000.jpg
LFW,Serena_Williams,Serena_Williams_001.jpg,balanced_lfw/Serena_Williams/Serena_Williams_001.jpg
LFW,Serena_Williams,Serena_Williams_002.jpg,balanced_lfw/Serena_Williams/Serena_Williams_002.jpg
LFW,Serena_Williams,Serena_Williams_003.jpg,balanced_lfw/Serena_Williams/Serena_Williams_003.jpg
LFW,Serena_Williams,Serena_Williams_004.jpg,balanced_lfw/Serena_Williams/Serena_Williams_004.jpg
LFW,Serena_Williams,Serena_Williams_005.jpg,balanced_lfw/Serena_Williams/Serena_Williams_005.jpg
LFW,Serena_Williams,Serena_Williams_006.jpg,balanced_lfw/Serena_Williams/Serena_Williams_006.jpg
LFW,Serena_Williams,Serena_Williams_007.jpg,balanced_lfw/Serena_Williams/Serena_Williams_007.jpg
LFW,Serena_Williams,Serena_Williams_008.jpg,balanced_lfw/Serena_Williams/Serena_Williams_008.jpg
LFW,Serena_Williams,Serena_Williams_009.jpg,balanced_lfw/Serena_Williams/Serena_Williams_009.jpg
LFW,Silvio_Berlusconi,Silvio_Berlusconi_000.jpg,balanced_lfw/Silvio_Berlusconi/Silvio_Berlusconi_000.jpg
LFW,Silvio_Berlusconi,Silvio_Berlusconi_001.jpg,balanced_lfw/Silvio_Berlusconi/Silvio_Berlusconi_001.jpg
LFW,Silvio_Berlusconi,Silvio_Berlusconi_002.jpg,balanced_lfw/Silvio_Berlusconi/Silvio_Berlusconi_002.jpg
LFW,Silvio_Berlusconi,Silvio_Berlusconi_003.jpg,balanced_lfw/Silvio_Berlusconi/Silvio_Berlusconi_003.jpg
LFW,Silvio_Berlusconi,Silvio_Berlusconi_004.jpg,balanced_lfw/Silvio_Berlusconi/Silvio_Berlusconi_004.jpg
LFW,Silvio_Berlusconi,Silvio_Berlusconi_005.jpg,balanced_lfw/Silvio_Berlusconi/Silvio_Berlusconi_005.jpg
LFW,Silvio_Berlusconi,Silvio_Berlusconi_006.jpg,balanced_lfw/Silvio_Berlusconi/Silvio_Berlusconi_006.jpg
LFW,Silvio_Berlusconi,Silvio_Berlusconi_007.jpg,balanced_lfw/Silvio_Berlusconi/Silvio_Berlusconi_007.jpg
LFW,Silvio_Berlusconi,Silvio_Berlusconi_008.jpg,balanced_lfw/Silvio_Berlusconi/Silvio_Berlusconi_008.jpg
LFW,Silvio_Berlusconi,Silvio_Berlusconi_009.jpg,balanced_lfw/Silvio_Berlusconi/Silvio_Berlusconi_009.jpg
LFW,Tiger_Woods,Tiger_Woods_000.jpg,balanced_lfw/Tiger_Woods/Tiger_Woods_000.jpg
LFW,Tiger_Woods,Tiger_Woods_001.jpg,balanced_lfw/Tiger_Woods/Tiger_Woods_001.jpg
LFW,Tiger_Woods,Tiger_Woods_002.jpg,balanced_lfw/Tiger_Woods/Tiger_Woods_002.jpg
LFW,Tiger_Woods,Tiger_Woods_003.jpg,balanced_lfw/Tiger_Woods/Tiger_Woods_003.jpg
LFW,Tiger_Woods,Tiger_Woods_004.jpg,balanced_lfw/Tiger_Woods/Tiger_Woods_004.jpg
LFW,Tiger_Woods,Tiger_Woods_005.jpg,balanced_lfw/Tiger_Woods/Tiger_Woods_005.jpg
LFW,Tiger_Woods,Tiger_Woods_006.jpg,balanced_lfw/Tiger_Woods/Tiger_Woods_006.jpg
LFW,Tiger_Woods,Tiger_Woods_007.jpg,balanced_lfw/Tiger_Woods/Tiger_Woods_007.jpg
LFW,Tiger_Woods,Tiger_Woods_008.jpg,balanced_lfw/Tiger_Woods/Tiger_Woods_008.jpg
LFW,Tiger_Woods,Tiger_Woods_009.jpg,balanced_lfw/Tiger_Woods/Tiger_Woods_009.jpg
LFW,Tom_Daschle,Tom_Daschle_000.jpg,balanced_lfw/Tom_Daschle/Tom_Daschle_000.jpg
LFW,Tom_Daschle,Tom_Daschle_001.jpg,balanced_lfw/Tom_Daschle/Tom_Daschle_001.jpg
LFW,Tom_Daschle,Tom_Daschle_002.jpg,balanced_lfw/Tom_Daschle/Tom_Daschle_002.jpg
LFW,Tom_Daschle,Tom_Daschle_003.jpg,balanced_lfw/Tom_Daschle/Tom_Daschle_003.jpg
LFW,Tom_Daschle,Tom_Daschle_004.jpg,balanced_lfw/Tom_Daschle/Tom_Daschle_004.jpg
LFW,Tom_Daschle,Tom_Daschle_005.jpg,balanced_lfw/Tom_Daschle/Tom_Daschle_005.jpg
LFW,Tom_Daschle,Tom_Daschle_006.jpg,balanced_lfw/Tom_Daschle/Tom_Daschle_006.jpg
LFW,Tom_Daschle,Tom_Daschle_007.jpg,balanced_lfw/Tom_Daschle/Tom_Daschle_007.jpg
LFW,Tom_Daschle,Tom_Daschle_008.jpg,balanced_lfw/Tom_Daschle/Tom_Daschle_008.jpg
LFW,Tom_Daschle,Tom_Daschle_009.jpg,balanced_lfw/Tom_Daschle/Tom_Daschle_009.jpg
LFW,Tom_Ridge,Tom_Ridge_000.jpg,balanced_lfw/Tom_Ridge/Tom_Ridge_000.jpg
LFW,Tom_Ridge,Tom_Ridge_001.jpg,balanced_lfw/Tom_Ridge/Tom_Ridge_001.jpg
LFW,Tom_Ridge,Tom_Ridge_002.jpg,balanced_lfw/Tom_Ridge/Tom_Ridge_002.jpg
LFW,Tom_Ridge,Tom_Ridge_003.jpg,balanced_lfw/Tom_Ridge/Tom_Ridge_003.jpg
LFW,Tom_Ridge,Tom_Ridge_004.jpg,balanced_lfw/Tom_Ridge/Tom_Ridge_004.jpg
LFW,Tom_Ridge,Tom_Ridge_005.jpg,balanced_lfw/Tom_Ridge/Tom_Ridge_005.jpg
LFW,Tom_Ridge,Tom_Ridge_006.jpg,balanced_lfw/Tom_Ridge/Tom_Ridge_006.jpg
LFW,Tom_Ridge,Tom_Ridge_007.jpg,balanced_lfw/Tom_Ridge/Tom_Ridge_007.jpg
LFW,Tom_Ridge,Tom_Ridge_008.jpg,balanced_lfw/Tom_Ridge/Tom_Ridge_008.jpg
LFW,Tom_Ridge,Tom_Ridge_009.jpg,balanced_lfw/Tom_Ridge/Tom_Ridge_009.jpg
LFW,Tony_Blair,Tony_Blair_000.jpg,balanced_lfw/Tony_Blair/Tony_Blair_000.jpg
LFW,Tony_Blair,Tony_Blair_001.jpg,balanced_lfw/Tony_Blair/Tony_Blair_001.jpg
LFW,Tony_Blair,Tony_Blair_002.jpg,balanced_lfw/Tony_Blair/Tony_Blair_002.jpg
LFW,Tony_Blair,Tony_Blair_003.jpg,balanced_lfw/Tony_Blair/Tony_Blair_003.jpg
LFW,Tony_Blair,Tony_Blair_004.jpg,balanced_lfw/Tony_Blair/Tony_Blair_004.jpg
LFW,Tony_Blair,Tony_Blair_005.jpg,balanced_lfw/Tony_Blair/Tony_Blair_005.jpg
LFW,Tony_Blair,Tony_Blair_006.jpg,balanced_lfw/Tony_Blair/Tony_Blair_006.jpg
LFW,Tony_Blair,Tony_Blair_007.jpg,balanced_lfw/Tony_Blair/Tony_Blair_007.jpg
LFW,Tony_Blair,Tony_Blair_008.jpg,balanced_lfw/Tony_Blair/Tony_Blair_008.jpg
LFW,Tony_Blair,Tony_Blair_009.jpg,balanced_lfw/Tony_Blair/Tony_Blair_009.jpg
LFW,Vicente_Fox,Vicente_Fox_000.jpg,balanced_lfw/Vicente_Fox/Vicente_Fox_000.jpg
LFW,Vicente_Fox,Vicente_Fox_001.jpg,balanced_lfw/Vicente_Fox/Vicente_Fox_001.jpg
LFW,Vicente_Fox,Vicente_Fox_002.jpg,balanced_lfw/Vicente_Fox/Vicente_Fox_002.jpg
LFW,Vicente_Fox,Vicente_Fox_003.jpg,balanced_lfw/Vicente_Fox/Vicente_Fox_003.jpg
LFW,Vicente_Fox,Vicente_Fox_004.jpg,balanced_lfw/Vicente_Fox/Vicente_Fox_004.jpg
LFW,Vicente_Fox,Vicente_Fox_005.jpg,balanced_lfw/Vicente_Fox/Vicente_Fox_005.jpg
LFW,Vicente_Fox,Vicente_Fox_006.jpg,balanced_lfw/Vicente_Fox/Vicente_Fox_006.jpg
LFW,Vicente_Fox,Vicente_Fox_007.jpg,balanced_lfw/Vicente_Fox/Vicente_Fox_007.jpg
LFW,Vicente_Fox,Vicente_Fox_008.jpg,balanced_lfw/Vicente_Fox/Vicente_Fox_008.jpg
LFW,Vicente_Fox,Vicente_Fox_009.jpg,balanced_lfw/Vicente_Fox/Vicente_Fox_009.jpg
LFW,Vladimir_Putin,Vladimir_Putin_000.jpg,balanced_lfw/Vladimir_Putin/Vladimir_Putin_000.jpg
LFW,Vladimir_Putin,Vladimir_Putin_001.jpg,balanced_lfw/Vladimir_Putin/Vladimir_Putin_001.jpg
LFW,Vladimir_Putin,Vladimir_Putin_002.jpg,balanced_lfw/Vladimir_Putin/Vladimir_Putin_002.jpg
LFW,Vladimir_Putin,Vladimir_Putin_003.jpg,balanced_lfw/Vladimir_Putin/Vladimir_Putin_003.jpg
LFW,Vladimir_Putin,Vladimir_Putin_004.jpg,balanced_lfw/Vladimir_Putin/Vladimir_Putin_004.jpg
LFW,Vladimir_Putin,Vladimir_Putin_005.jpg,balanced_lfw/Vladimir_Putin/Vladimir_Putin_005.jpg
LFW,Vladimir_Putin,Vladimir_Putin_006.jpg,balanced_lfw/Vladimir_Putin/Vladimir_Putin_006.jpg
LFW,Vladimir_Putin,Vladimir_Putin_007.jpg,balanced_lfw/Vladimir_Putin/Vladimir_Putin_007.jpg
LFW,Vladimir_Putin,Vladimir_Putin_008.jpg,balanced_lfw/Vladimir_Putin/Vladimir_Putin_008.jpg
LFW,Vladimir_Putin,Vladimir_Putin_009.jpg,balanced_lfw/Vladimir_Putin/Vladimir_Putin_009.jpg
LFW,Winona_Ryder,Winona_Ryder_000.jpg,balanced_lfw/Winona_Ryder/Winona_Ryder_000.jpg
LFW,Winona_Ryder,Winona_Ryder_001.jpg,balanced_lfw/Winona_Ryder/Winona_Ryder_001.jpg
LFW,Winona_Ryder,Winona_Ryder_002.jpg,balanced_lfw/Winona_Ryder/Winona_Ryder_002.jpg
LFW,Winona_Ryder,Winona_Ryder_003.jpg,balanced_lfw/Winona_Ryder/Winona_Ryder_003.jpg
LFW,Winona_Ryder,Winona_Ryder_004.jpg,balanced_lfw/Winona_Ryder/Winona_Ryder_004.jpg
LFW,Winona_Ryder,Winona_Ryder_005.jpg,balanced_lfw/Winona_Ryder/Winona_Ryder_005.jpg
LFW,Winona_Ryder,Winona_Ryder_006.jpg,balanced_lfw/Winona_Ryder/Winona_Ryder_006.jpg
LFW,Winona_Ryder,Winona_Ryder_007.jpg,balanced_lfw/Winona_Ryder/Winona_Ryder_007.jpg
LFW,Winona_Ryder,Winona_Ryder_008.jpg,balanced_lfw/Winona_Ryder/Winona_Ryder_008.jpg
LFW,Winona_Ryder,Winona_Ryder_009.jpg,balanced_lfw/Winona_Ryder/Winona_Ryder_009.jpg
