identity_id,person_name,gender,images_in_subset,images_in_official_metadata
n000002,A_Fine_Frenzy,f,100,315
n000003,A._A._Gill,m,100,205
n000004,A._J._Buckley,m,100,387
n000005,A._J._Pierzynski,m,100,229
n000006,A._R._Rahman,m,100,485
n000007,A._Raja,m,100,259
n000008,AB_de_Villiers,m,100,273
n000010,Aamani,f,100,156
n000011,Aamna_Sharif,f,100,380
n000012,Aaron_Ashmore,m,100,382
n000013,Aaron_Hernandez,m,100,314
n000014,Aaron_Lennon,m,100,288
n000015,Aaron_Motsoaledi,m,100,248
n000016,Aaron_Ramsey,m,100,449
n000017,Aaron_Rodgers,m,100,319
n000018,Aaron_Schock,m,100,283
n000019,Aaron_Stanford,m,100,374
n000020,Aaron_Taylor-Johnson,m,100,450
n000021,Aaron_Tippin,m,100,286
n000022,Aarti_Chhabria,f,100,396
n000023,Aarón_Díaz,m,100,398
n000024,Abbey_Clancy,f,100,451
n000025,Abby_Elliott,f,100,309
n000026,Abdelaziz_Bouteflika,m,100,373
n000027,Abdul_Hadi_Awang,m,100,382
n000028,Abdul_Qadeer_Khan,m,100,264
n000030,Abdüllatif_Şener,m,100,268
n000031,Abel_Braga,m,100,305
n000032,Abhay_Deol,m,100,519
n000033,Abhinav_Bindra,m,100,357
n000034,Abou_Diaby,m,100,306
n000035,Abu_Qatada,m,100,237
n000036,Aburizal_Bakrie,m,100,374
n000037,Aby_Rosen,m,100,206
n000038,Aca_Lukas,m,100,419
n000039,Acha_Septriasa,f,100,376
n000041,Acun_Ilıcalı,m,100,391
n000042,Ada_Yonath,m,100,265
n000043,Adah_Sharma,f,100,493
n000044,Adal_Ramones,m,100,364
n000045,Adam_Alsing,m,100,246
n000046,Adam_Ashley-Cooper,m,100,411
n000047,Adam_Bandt,m,100,330
n000048,Adam_Boniecki,m,100,216
n000049,Adam_Darski,m,100,440
n000050,Adam_Duritz,m,100,400
n000051,Adam_Gilchrist,m,100,327
n000052,Adam_Housley,m,100,212
n000053,Adam_Irigoyen,m,100,381
n000054,Adam_Johnson,m,100,438
n000055,Adam_Lallana,m,100,450
n000056,Adam_Liaw,m,100,304
n000057,Adam_Michnik,m,100,365
n000058,Adam_Nawałka,m,100,444
n000059,Adam_Pascal,m,100,346
n000060,Adam_Richman,m,100,495
n000061,Adam_Rodríguez,m,100,376
n000062,Adam_Schiff,m,100,321
n000063,Adam_Senn,m,100,437
n000064,Adam_Silver,m,100,378
n000065,Adam_Sztaba,m,100,394
n000066,Adam_Yauch,m,100,339
n000067,Adamari_López,f,100,511
n000068,Addison_Timlin,f,100,304
n000069,Additi_Gupta,f,100,398
n000070,Adel_Taarabt,m,100,422
n000071,Adele_Silva,f,100,320
n000072,Adelina_Ismajli,f,100,306
n000073,Adelinde_Cornelissen,f,100,320
n000074,Aden_Young,m,100,259
n000075,Aderbal_Freire_Filho,m,100,192
n000076,Adewale_Akinnuoye-Agbaje,f,100,304
n000077,Adhyaksa_Dault,m,100,319
n000079,Adil_Rami,m,100,448
n000080,Aditi_Rao_Hydari,m,100,594
n000081,Aditya_Roy_Kapur,m,100,536
n000083,Aditya_Srivastava,m,100,498
n000084,Aditya_Thackeray,m,100,448
n000085,Admir_Mehmedi,m,100,454
n000086,Adnan_Sami,m,100,438
n000087,Adrian_Newey,m,100,434
n000088,Adrian_Pasdar,m,100,386
n000089,Adrian_Sutil,m,100,303
n000090,Adriana_Ugarte,f,100,469
n000091,Adriana_Vasini,f,100,206
n000092,Adrianna_Costa,f,100,250
n000093,Adrianne_León,f,100,176
n000094,Adriano_Leite_Ribeiro,m,100,432
n000095,Adriean_Videanu,m,100,216
n000096,Adrien_Broner,m,100,425
n000097,Adrienne_Bailon,f,100,603
n000098,Adrienne_Frantz,f,100,482
n000099,Adrienne_Janic,f,100,346
n000100,Adrienne_Maloof,f,100,485
n000101,Adán_Chávez,m,100,285
n000102,Adílson_Batista,m,100,375
n000103,Aftab_Shivdasani,m,100,572
n000104,Agata_Buzek,f,100,445
n000105,Agata_Kulesza,f,100,515
n000107,Agnes_Zawadzki,f,100,226
