Iteration,Slope,Layer,Inactive_Percentage
0,0.005,conv_block1_relu,43.461578521713555
0,0.005,conv_block2_relu,53.63448559889468
0,0.005,conv_block3_relu,78.9700090392562
0,0.05,conv_block1_relu,69.81346804234879
0,0.05,conv_block2_relu,66.09761930066958
0,0.05,conv_block3_relu,78.94418259297521
0,0.5,conv_block1_relu,61.92943706499363
0,0.5,conv_block2_relu,50.875491550643005
0,0.5,conv_block3_relu,51.99590005165289
1,0.005,conv_block1_relu,46.3830139202039
1,0.005,conv_block2_relu,53.2654904878308
1,0.005,conv_block3_relu,66.17946151859503
1,0.05,conv_block1_relu,70.67061440054897
1,0.05,conv_block2_relu,80.29778669359125
1,0.05,conv_block3_relu,69.46829803719008
1,0.5,conv_block1_relu,49.79903930987158
1,0.5,conv_block2_relu,51.40390849186949
1,0.5,conv_block3_relu,54.01197701446281
2,0.005,conv_block1_relu,40.54090897951181
2,0.005,conv_block2_relu,56.43964555213093
2,0.005,conv_block3_relu,73.26155733471074
2,0.05,conv_block1_relu,75.8016983629056
2,0.05,conv_block2_relu,74.54099798065683
2,0.05,conv_block3_relu,69.34642949380165
2,0.5,conv_block1_relu,73.41115454367218
2,0.5,conv_block2_relu,50.59052502922734
2,0.5,conv_block3_relu,52.531798811983464
3,0.005,conv_block1_relu,25.866489804921084
3,0.005,conv_block2_relu,55.17390264640238
3,0.005,conv_block3_relu,71.92826704545455
3,0.05,conv_block1_relu,78.09850137241446
3,0.05,conv_block2_relu,76.48096237644808
3,0.05,conv_block3_relu,68.2835098140496
3,0.5,conv_block1_relu,27.904433388883444
3,0.5,conv_block2_relu,49.95184132213838
3,0.5,conv_block3_relu,51.39220686983471
4,0.005,conv_block1_relu,46.60281467503186
4,0.005,conv_block2_relu,50.146136677649054
4,0.005,conv_block3_relu,76.36476627066115
4,0.05,conv_block1_relu,86.95853960396039
4,0.05,conv_block2_relu,67.5832314804974
4,0.05,conv_block3_relu,80.21855630165288
4,0.5,conv_block1_relu,44.20706303303598
4,0.5,conv_block2_relu,47.87005792326496
4,0.5,conv_block3_relu,52.5051652892562
5,0.005,conv_block1_relu,38.64281075384766
5,0.005,conv_block2_relu,54.600648315442655
5,0.005,conv_block3_relu,77.53744834710744
5,0.05,conv_block1_relu,78.96973948632487
5,0.05,conv_block2_relu,74.6223695398023
5,0.05,conv_block3_relu,72.2866089876033
5,0.5,conv_block1_relu,66.45243113420253
5,0.5,conv_block2_relu,49.611409288978635
5,0.5,conv_block3_relu,52.558432334710744
6,0.005,conv_block1_relu,56.49982232134104
6,0.005,conv_block2_relu,56.727933361674985
6,0.005,conv_block3_relu,69.7604597107438
6,0.05,conv_block1_relu,74.04758111949809
6,0.05,conv_block2_relu,68.45573387182485
6,0.05,conv_block3_relu,72.03802944214877
6,0.5,conv_block1_relu,45.895316635623956
6,0.5,conv_block2_relu,49.22182219151876
6,0.5,conv_block3_relu,52.230759297520656
7,0.005,conv_block1_relu,41.91470199000098
7,0.005,conv_block2_relu,52.81379530237007
7,0.005,conv_block3_relu,74.55045841942149
7,0.05,conv_block1_relu,75.0664763258504
7,0.05,conv_block2_relu,86.00807737272824
7,0.05,conv_block3_relu,68.54419550619835
7,0.5,conv_block1_relu,67.1852024311342
7,0.5,conv_block2_relu,50.370323626315226
7,0.5,conv_block3_relu,52.74325284090909
8,0.005,conv_block1_relu,48.01045853347711
8,0.005,conv_block2_relu,47.85444786906154
8,0.005,conv_block3_relu,72.02350206611571
8,0.05,conv_block1_relu,77.37645206352319
8,0.05,conv_block2_relu,74.72632585822086
8,0.05,conv_block3_relu,67.37151342975206
8,0.5,conv_block1_relu,45.46306734633859
8,0.5,conv_block2_relu,50.541037836114356
8,0.5,conv_block3_relu,51.372029958677686
9,0.005,conv_block1_relu,67.24647093422213
9,0.005,conv_block2_relu,54.37845413965352
9,0.005,conv_block3_relu,73.75468104338843
9,0.05,conv_block1_relu,68.6456903734928
9,0.05,conv_block2_relu,75.43276384312891
9,0.05,conv_block3_relu,55.75284090909091
9,0.5,conv_block1_relu,66.8067162533085
9,0.5,conv_block2_relu,49.92659953236263
9,0.5,conv_block3_relu,51.5326381714876
10,0.005,conv_block1_relu,46.61384300558768
10,0.005,conv_block2_relu,55.19216973110851
10,0.005,conv_block3_relu,82.01672262396694
10,0.05,conv_block1_relu,73.66909494167238
10,0.05,conv_block2_relu,78.32494154532894
10,0.05,conv_block3_relu,68.75403538223141
10,0.5,conv_block1_relu,41.35470787177727
10,0.5,conv_block2_relu,50.3623525348071
10,0.5,conv_block3_relu,51.51084710743802
11,0.005,conv_block1_relu,51.66389937261053
11,0.005,conv_block2_relu,52.61949994685939
11,0.005,conv_block3_relu,77.46884684917356
11,0.05,conv_block1_relu,84.93545363199686
11,0.05,conv_block2_relu,74.85220267828674
11,0.05,conv_block3_relu,57.58490444214877
11,0.5,conv_block1_relu,38.558260219586316
11,0.5,conv_block2_relu,50.16207886066532
11,0.5,conv_block3_relu,52.49305914256198
12,0.005,conv_block1_relu,62.21173169297127
12,0.005,conv_block2_relu,50.02025985758316
12,0.005,conv_block3_relu,78.96758780991735
12,0.05,conv_block1_relu,81.42752548769728
12,0.05,conv_block2_relu,71.04235306621321
12,0.05,conv_block3_relu,81.88759039256198
12,0.5,conv_block1_relu,60.72060949906872
12,0.5,conv_block2_relu,50.96583058773515
12,0.5,conv_block3_relu,56.538126291322314
13,0.005,conv_block1_relu,39.29516714047642
13,0.005,conv_block2_relu,54.38044691253056
13,0.005,conv_block3_relu,73.46413352272727
13,0.05,conv_block1_relu,64.88089402999707
13,0.05,conv_block2_relu,66.36332235094059
13,0.05,conv_block3_relu,80.25891012396694
13,0.5,conv_block1_relu,44.45964243701598
13,0.5,conv_block2_relu,48.906631948134766
13,0.5,conv_block3_relu,57.295163997933884
14,0.005,conv_block1_relu,42.084109401039115
14,0.005,conv_block2_relu,55.0935274736954
14,0.005,conv_block3_relu,83.49447959710744
14,0.05,conv_block1_relu,70.198234241741
14,0.05,conv_block2_relu,76.06912264852801
14,0.05,conv_block3_relu,79.02892561983471
14,0.5,conv_block1_relu,49.35438314871091
14,0.5,conv_block2_relu,49.06771442236157
14,0.5,conv_block3_relu,51.39947055785123
15,0.005,conv_block1_relu,51.9780536221939
15,0.005,conv_block2_relu,55.98628972260602
15,0.005,conv_block3_relu,74.40276342975206
15,0.05,conv_block1_relu,71.27548769728458
15,0.05,conv_block2_relu,74.39585768944627
15,0.05,conv_block3_relu,64.3772598140496
15,0.5,conv_block1_relu,53.366397902166455
15,0.5,conv_block2_relu,49.303193750664256
15,0.5,conv_block3_relu,53.76259039256198
16,0.005,conv_block1_relu,47.439282913439854
16,0.005,conv_block2_relu,50.512474758210224
16,0.005,conv_block3_relu,77.28967587809917
16,0.05,conv_block1_relu,79.31713189883345
16,0.05,conv_block2_relu,74.71237644808161
16,0.05,conv_block3_relu,65.26342975206612
16,0.5,conv_block1_relu,33.57268895206352
16,0.5,conv_block2_relu,50.724372940801366
16,0.5,conv_block3_relu,51.434174845041326
17,0.005,conv_block1_relu,60.12906210175473
17,0.005,conv_block2_relu,47.093540758847915
17,0.005,conv_block3_relu,70.55623708677686
17,0.05,conv_block1_relu,80.76077100284286
17,0.05,conv_block2_relu,72.55486767988096
17,0.05,conv_block3_relu,73.46978305785123
17,0.5,conv_block1_relu,35.206413586903246
17,0.5,conv_block2_relu,50.445052609203955
17,0.5,conv_block3_relu,52.59797908057852
18,0.005,conv_block1_relu,55.71681085187726
18,0.005,conv_block2_relu,51.462695291741944
18,0.005,conv_block3_relu,76.74086389462809
18,0.05,conv_block1_relu,75.145972208607
18,0.05,conv_block2_relu,68.76959559995748
18,0.05,conv_block3_relu,70.10508135330579
18,0.5,conv_block1_relu,44.79171772375257
18,0.5,conv_block2_relu,50.41881443298969
18,0.5,conv_block3_relu,50.59481534090909
19,0.005,conv_block1_relu,55.30079771591021
19,0.005,conv_block2_relu,53.2654904878308
19,0.005,conv_block3_relu,74.04038610537191
19,0.05,conv_block1_relu,69.68679541221448
19,0.05,conv_block2_relu,71.94341853544479
19,0.05,conv_block3_relu,68.21894369834712
19,0.5,conv_block1_relu,35.6285535731791
19,0.5,conv_block2_relu,49.59712775002657
19,0.5,conv_block3_relu,53.02330836776859
