Sub,slope,condition,Type,corr,split
Sub1,0.5,Inhibitated,Within,0.42057397961616516,train
Sub1,0.5,Inhibitated,Between,0.0909675806760788,train
Sub2,0.5,Inhibitated,Within,0.4789712131023407,train
Sub2,0.5,Inhibitated,Between,0.17537567019462585,train
Sub3,0.5,Inhibitated,Within,0.46592873334884644,train
Sub3,0.5,Inhibitated,Between,0.16260477900505066,train
Sub4,0.5,Inhibitated,Within,0.46920302510261536,train
Sub4,0.5,Inhibitated,Between,0.16311268508434296,train
Sub5,0.5,Inhibitated,Within,0.437372088432312,train
Sub5,0.5,Inhibitated,Between,0.12408623099327087,train
Sub6,0.5,Inhibitated,Within,0.41387510299682617,train
Sub6,0.5,Inhibitated,Between,0.08799273520708084,train
Sub7,0.5,Inhibitated,Within,0.47239014506340027,train
Sub7,0.5,Inhibitated,Between,0.1734362542629242,train
Sub8,0.5,Inhibitated,Within,0.45063316822052,train
Sub8,0.5,Inhibitated,Between,0.13874858617782593,train
Sub9,0.5,Inhibitated,Within,0.4602063298225403,train
Sub9,0.5,Inhibitated,Between,0.15303055942058563,train
Sub10,0.5,Inhibitated,Within,0.42862701416015625,train
Sub10,0.5,Inhibitated,Between,0.09557344019412994,train
Sub11,0.5,Inhibitated,Within,0.47121667861938477,train
Sub11,0.5,Inhibitated,Between,0.1680479198694229,train
Sub12,0.5,Inhibitated,Within,0.4669446349143982,train
Sub12,0.5,Inhibitated,Between,0.1661321520805359,train
Sub13,0.5,Inhibitated,Within,0.4644203782081604,train
Sub13,0.5,Inhibitated,Between,0.1671559363603592,train
Sub14,0.5,Inhibitated,Within,0.47008535265922546,train
Sub14,0.5,Inhibitated,Between,0.17244750261306763,train
Sub15,0.5,Inhibitated,Within,0.45814308524131775,train
Sub15,0.5,Inhibitated,Between,0.14160285890102386,train
Sub16,0.5,Inhibitated,Within,0.46407783031463623,train
Sub16,0.5,Inhibitated,Between,0.15622574090957642,train
Sub17,0.5,Inhibitated,Within,0.4603234827518463,train
Sub17,0.5,Inhibitated,Between,0.15380975604057312,train
Sub18,0.5,Inhibitated,Within,0.4932543933391571,train
Sub18,0.5,Inhibitated,Between,0.1961382031440735,train
Sub19,0.5,Inhibitated,Within,0.44152119755744934,train
Sub19,0.5,Inhibitated,Between,0.12893244624137878,train
Sub20,0.5,Inhibitated,Within,0.4893716871738434,train
Sub20,0.5,Inhibitated,Between,0.1878722608089447,train
Sub1,1.0,Balanced,Within,0.43073999881744385,train
Sub1,1.0,Balanced,Between,0.10676427185535431,train
Sub2,1.0,Balanced,Within,0.43754059076309204,train
Sub2,1.0,Balanced,Between,0.11482051759958267,train
Sub3,1.0,Balanced,Within,0.4335462749004364,train
Sub3,1.0,Balanced,Between,0.1060735285282135,train
Sub4,1.0,Balanced,Within,0.4533058702945709,train
Sub4,1.0,Balanced,Between,0.12621039152145386,train
Sub5,1.0,Balanced,Within,0.4481790363788605,train
Sub5,1.0,Balanced,Between,0.1297261118888855,train
Sub6,1.0,Balanced,Within,0.45387402176856995,train
Sub6,1.0,Balanced,Between,0.14061516523361206,train
Sub7,1.0,Balanced,Within,0.46024757623672485,train
Sub7,1.0,Balanced,Between,0.14226824045181274,train
Sub8,1.0,Balanced,Within,0.44277817010879517,train
Sub8,1.0,Balanced,Between,0.12588389217853546,train
Sub9,1.0,Balanced,Within,0.44254302978515625,train
Sub9,1.0,Balanced,Between,0.12363585829734802,train
Sub10,1.0,Balanced,Within,0.44044020771980286,train
Sub10,1.0,Balanced,Between,0.122657909989357,train
Sub11,1.0,Balanced,Within,0.43898189067840576,train
Sub11,1.0,Balanced,Between,0.11055118590593338,train
Sub12,1.0,Balanced,Within,0.44047918915748596,train
Sub12,1.0,Balanced,Between,0.11594671756029129,train
Sub13,1.0,Balanced,Within,0.4497976303100586,train
Sub13,1.0,Balanced,Between,0.12883883714675903,train
Sub14,1.0,Balanced,Within,0.4494119882583618,train
Sub14,1.0,Balanced,Between,0.1295798271894455,train
Sub15,1.0,Balanced,Within,0.45711323618888855,train
Sub15,1.0,Balanced,Between,0.13717973232269287,train
Sub16,1.0,Balanced,Within,0.4340182840824127,train
Sub16,1.0,Balanced,Between,0.10400906205177307,train
Sub17,1.0,Balanced,Within,0.4502524137496948,train
Sub17,1.0,Balanced,Between,0.12471524626016617,train
Sub18,1.0,Balanced,Within,0.4300607144832611,train
Sub18,1.0,Balanced,Between,0.10360541939735413,train
Sub19,1.0,Balanced,Within,0.44541266560554504,train
Sub19,1.0,Balanced,Between,0.1156216636300087,train
Sub20,1.0,Balanced,Within,0.4556104242801666,train
Sub20,1.0,Balanced,Between,0.14002570509910583,train
Sub1,2.0,Excitated,Within,0.43300485610961914,train
Sub1,2.0,Excitated,Between,0.17490516602993011,train
Sub2,2.0,Excitated,Within,0.46251484751701355,train
Sub2,2.0,Excitated,Between,0.1764821857213974,train
Sub3,2.0,Excitated,Within,0.44632071256637573,train
Sub3,2.0,Excitated,Between,0.18901094794273376,train
Sub4,2.0,Excitated,Within,0.4614003598690033,train
Sub4,2.0,Excitated,Between,0.1990990936756134,train
Sub5,2.0,Excitated,Within,0.4612289369106293,train
Sub5,2.0,Excitated,Between,0.19173839688301086,train
Sub6,2.0,Excitated,Within,0.41591307520866394,train
Sub6,2.0,Excitated,Between,0.15178395807743073,train
Sub7,2.0,Excitated,Within,0.4336739480495453,train
Sub7,2.0,Excitated,Between,0.15861515700817108,train
Sub8,2.0,Excitated,Within,0.44805631041526794,train
Sub8,2.0,Excitated,Between,0.1738632321357727,train
Sub9,2.0,Excitated,Within,0.42400622367858887,train
Sub9,2.0,Excitated,Between,0.1511327624320984,train
Sub10,2.0,Excitated,Within,0.44432729482650757,train
Sub10,2.0,Excitated,Between,0.16763687133789062,train
Sub11,2.0,Excitated,Within,0.4335298538208008,train
Sub11,2.0,Excitated,Between,0.16186150908470154,train
Sub12,2.0,Excitated,Within,0.43049949407577515,train
Sub12,2.0,Excitated,Between,0.17047305405139923,train
Sub13,2.0,Excitated,Within,0.4603772759437561,train
Sub13,2.0,Excitated,Between,0.17530691623687744,train
Sub14,2.0,Excitated,Within,0.4316892921924591,train
Sub14,2.0,Excitated,Between,0.17279383540153503,train
Sub15,2.0,Excitated,Within,0.42601996660232544,train
Sub15,2.0,Excitated,Between,0.15756136178970337,train
Sub16,2.0,Excitated,Within,0.43276458978652954,train
Sub16,2.0,Excitated,Between,0.15151582658290863,train
Sub17,2.0,Excitated,Within,0.395755797624588,train
Sub17,2.0,Excitated,Between,0.14725828170776367,train
Sub18,2.0,Excitated,Within,0.4451535940170288,train
Sub18,2.0,Excitated,Between,0.168503537774086,train
Sub19,2.0,Excitated,Within,0.4480755031108856,train
Sub19,2.0,Excitated,Between,0.17661704123020172,train
Sub20,2.0,Excitated,Within,0.4489690959453583,train
Sub20,2.0,Excitated,Between,0.1901072859764099,train
Sub1,0.5,Inhibitated,Within,0.5411314368247986,test
Sub1,0.5,Inhibitated,Between,0.10849397629499435,test
Sub2,0.5,Inhibitated,Within,0.5857170224189758,test
Sub2,0.5,Inhibitated,Between,0.19153109192848206,test
Sub3,0.5,Inhibitated,Within,0.5825319886207581,test
Sub3,0.5,Inhibitated,Between,0.18781554698944092,test
Sub4,0.5,Inhibitated,Within,0.573614776134491,test
Sub4,0.5,Inhibitated,Between,0.17385448515415192,test
Sub5,0.5,Inhibitated,Within,0.5513248443603516,test
Sub5,0.5,Inhibitated,Between,0.13653549551963806,test
Sub6,0.5,Inhibitated,Within,0.5289172530174255,test
Sub6,0.5,Inhibitated,Between,0.10108880698680878,test
Sub7,0.5,Inhibitated,Within,0.5744943618774414,test
Sub7,0.5,Inhibitated,Between,0.1843392699956894,test
Sub8,0.5,Inhibitated,Within,0.56102055311203,test
Sub8,0.5,Inhibitated,Between,0.15209999680519104,test
Sub9,0.5,Inhibitated,Within,0.5697022676467896,test
Sub9,0.5,Inhibitated,Between,0.1670117825269699,test
Sub10,0.5,Inhibitated,Within,0.5515609979629517,test
Sub10,0.5,Inhibitated,Between,0.11410094052553177,test
Sub11,0.5,Inhibitated,Within,0.5774306654930115,test
Sub11,0.5,Inhibitated,Between,0.18523800373077393,test
Sub12,0.5,Inhibitated,Within,0.5719085335731506,test
Sub12,0.5,Inhibitated,Between,0.17579703032970428,test
Sub13,0.5,Inhibitated,Within,0.5704938173294067,test
Sub13,0.5,Inhibitated,Between,0.1809317022562027,test
Sub14,0.5,Inhibitated,Within,0.5761959552764893,test
Sub14,0.5,Inhibitated,Between,0.1876736730337143,test
Sub15,0.5,Inhibitated,Within,0.5742207169532776,test
Sub15,0.5,Inhibitated,Between,0.1572679579257965,test
Sub16,0.5,Inhibitated,Within,0.5706935524940491,test
Sub16,0.5,Inhibitated,Between,0.16561439633369446,test
Sub17,0.5,Inhibitated,Within,0.5710835456848145,test
Sub17,0.5,Inhibitated,Between,0.1667863428592682,test
Sub18,0.5,Inhibitated,Within,0.597885012626648,test
Sub18,0.5,Inhibitated,Between,0.20694230496883392,test
Sub19,0.5,Inhibitated,Within,0.5534650087356567,test
Sub19,0.5,Inhibitated,Between,0.1453103870153427,test
Sub20,0.5,Inhibitated,Within,0.5959107279777527,test
Sub20,0.5,Inhibitated,Between,0.20187830924987793,test
Sub1,1.0,Balanced,Within,0.5126670002937317,test
Sub1,1.0,Balanced,Between,0.11620593070983887,test
Sub2,1.0,Balanced,Within,0.5197182297706604,test
Sub2,1.0,Balanced,Between,0.12419329583644867,test
Sub3,1.0,Balanced,Within,0.5130858421325684,test
Sub3,1.0,Balanced,Between,0.1173689067363739,test
Sub4,1.0,Balanced,Within,0.5328840613365173,test
Sub4,1.0,Balanced,Between,0.13465403020381927,test
Sub5,1.0,Balanced,Within,0.5264745950698853,test
Sub5,1.0,Balanced,Between,0.14199604094028473,test
Sub6,1.0,Balanced,Within,0.5280179381370544,test
Sub6,1.0,Balanced,Between,0.1492002159357071,test
Sub7,1.0,Balanced,Within,0.5399079322814941,test
Sub7,1.0,Balanced,Between,0.15405017137527466,test
Sub8,1.0,Balanced,Within,0.5238473415374756,test
Sub8,1.0,Balanced,Between,0.13850438594818115,test
Sub9,1.0,Balanced,Within,0.5256180763244629,test
Sub9,1.0,Balanced,Between,0.13709236681461334,test
Sub10,1.0,Balanced,Within,0.5219036340713501,test
Sub10,1.0,Balanced,Between,0.13510014116764069,test
Sub11,1.0,Balanced,Within,0.5188766121864319,test
Sub11,1.0,Balanced,Between,0.12168604880571365,test
Sub12,1.0,Balanced,Within,0.5240773558616638,test
Sub12,1.0,Balanced,Between,0.1256709098815918,test
Sub13,1.0,Balanced,Within,0.5261914730072021,test
Sub13,1.0,Balanced,Between,0.13401304185390472,test
Sub14,1.0,Balanced,Within,0.5284972786903381,test
Sub14,1.0,Balanced,Between,0.14090421795845032,test
Sub15,1.0,Balanced,Within,0.533328115940094,test
Sub15,1.0,Balanced,Between,0.14987115561962128,test
Sub16,1.0,Balanced,Within,0.5121493339538574,test
Sub16,1.0,Balanced,Between,0.11021696031093597,test
Sub17,1.0,Balanced,Within,0.5281359553337097,test
Sub17,1.0,Balanced,Between,0.13434574007987976,test
Sub18,1.0,Balanced,Within,0.5083946585655212,test
Sub18,1.0,Balanced,Between,0.1111501082777977,test
Sub19,1.0,Balanced,Within,0.5271984338760376,test
Sub19,1.0,Balanced,Between,0.13028816878795624,test
Sub20,1.0,Balanced,Within,0.5298335552215576,test
Sub20,1.0,Balanced,Between,0.1450461596250534,test
Sub1,2.0,Excitated,Within,0.5083675980567932,test
Sub1,2.0,Excitated,Between,0.1953410655260086,test
Sub2,2.0,Excitated,Within,0.5167606472969055,test
Sub2,2.0,Excitated,Between,0.18993493914604187,test
Sub3,2.0,Excitated,Within,0.5124133229255676,test
Sub3,2.0,Excitated,Between,0.20465070009231567,test
Sub4,2.0,Excitated,Within,0.5231996774673462,test
Sub4,2.0,Excitated,Between,0.2168973982334137,test
Sub5,2.0,Excitated,Within,0.5249258875846863,test
Sub5,2.0,Excitated,Between,0.20997875928878784,test
Sub6,2.0,Excitated,Within,0.47809359431266785,test
Sub6,2.0,Excitated,Between,0.16265372931957245,test
Sub7,2.0,Excitated,Within,0.4980664551258087,test
Sub7,2.0,Excitated,Between,0.17700165510177612,test
Sub8,2.0,Excitated,Within,0.5124971866607666,test
Sub8,2.0,Excitated,Between,0.18173544108867645,test
Sub9,2.0,Excitated,Within,0.4916558563709259,test
Sub9,2.0,Excitated,Between,0.16816303133964539,test
Sub10,2.0,Excitated,Within,0.4990052580833435,test
Sub10,2.0,Excitated,Between,0.1822378933429718,test
Sub11,2.0,Excitated,Within,0.4997257888317108,test
Sub11,2.0,Excitated,Between,0.17549563944339752,test
Sub12,2.0,Excitated,Within,0.4991151690483093,test
Sub12,2.0,Excitated,Between,0.19247518479824066,test
Sub13,2.0,Excitated,Within,0.5231636166572571,test
Sub13,2.0,Excitated,Between,0.1964472383260727,test
Sub14,2.0,Excitated,Within,0.5011559128761292,test
Sub14,2.0,Excitated,Between,0.19119855761528015,test
Sub15,2.0,Excitated,Within,0.4921312928199768,test
Sub15,2.0,Excitated,Between,0.17940442264080048,test
Sub16,2.0,Excitated,Within,0.4909389615058899,test
Sub16,2.0,Excitated,Between,0.16477935016155243,test
Sub17,2.0,Excitated,Within,0.4720347821712494,test
Sub17,2.0,Excitated,Between,0.16083037853240967,test
Sub18,2.0,Excitated,Within,0.5038487911224365,test
Sub18,2.0,Excitated,Between,0.17666615545749664,test
Sub19,2.0,Excitated,Within,0.49805936217308044,test
Sub19,2.0,Excitated,Between,0.1868896335363388,test
Sub20,2.0,Excitated,Within,0.5105541944503784,test
Sub20,2.0,Excitated,Between,0.20713433623313904,test
