path,person,filename,url
juliana/juliana_1.jpeg,juliana,juliana_1.jpeg,https://www.elitemodels.com/miami/women/2786-juliana-nalu
juliana/juliana_2.jpeg,juliana,juliana_2.jpeg,https://www.elitemodels.com/miami/women/2786-juliana-nalu
juliana/juliana_3.jpeg,juliana,juliana_3.jpeg,
juliana/juliana_4.jpeg,juliana,juliana_4.jpeg,https://pagesix.com/2022/10/10/who-is-juliana-nalu-meet-the-model-spotted-with-kanye-west/
juliana/juliana_5.jpeg,juliana,juliana_5.jpeg,https://tvklan.al/ish-partnerja-juliana-nalu-i-tregon-kanye-eest-se-cfare-ai-ka-humbur
kim/kim_1.jpeg,kim,kim_1.jpeg,https://www.justjared.com/2023/11/30/kim-kardashian-jokes-her-family-scammed-the-system-to-become-famous/
kim/kim_2.jpeg,kim,kim_2.jpeg,https://www.hola.com/us/celebrities/20230706347723/kim-kardashian-shines-2m-diamond-belt-michael-rubin-white-party/
kim/Kim_3.jpeg,kim,Kim_3.jpeg,https://people.com/kim-kardashian-skkn-by-kim-resurfacing-mask-interview-exclusive-8351258
kim/kim_4.jpeg,kim,kim_4.jpeg,https://www.yahoo.com/entertainment/kim-kardashian-reflects-being-insecure-041500355.html
kim/kim_5.jpeg,kim,kim_5.jpeg,https://www.teenvogue.com/story/kim-kardashian-blonde-american-horror-story-delicate-teaser
mai/mai_1.jpeg,mai,mai_1.jpeg,https://www.latimes.com/entertainment-arts/tv/story/2023-06-09/maitreyi-ramakrishnan-never-have-i-ever-final-season
mai/mai_2.jpeg,mai,mai_2.jpeg,https://www.teenvogue.com/story/maitreyi-ramakrishnan-shared-a-skin-care-hack-for-efficiency
mai/mai_3.jpg,mai,mai_3.jpg,https://www.imdb.com/name/nm10826558/mediaviewer/rm2234964481/
mai/mai_4.jpeg,mai,mai_4.jpeg,https://people.com/never-have-i-ever-maitreyi-ramakrishnan-on-growing-up-with-devi-exclusive-7508736
mai/mai_5.jpeg,mai,mai_5.jpeg,https://www.yahoo.com/lifestyle/maitreyi-ramakrishnan-total-slay-toned-210300227.html
michael/michael_1.jpg,michael,michael_1.jpg,https://www.imdb.com/name/nm0430107/
michael/michael_2.jpg,michael,michael_2.jpg,https://www.flickr.com/photos/146461623@N05/42075892224/
michael/michael_3.jpeg,michael,michael_3.jpeg,https://walkoffame.com/press_releases/actor-director-producer-michael-b-jordan-to-be-honored-with-hollywood-walk-of-fame-star/
michael/michael_4.jpeg,michael,michael_4.jpeg,https://www.yahoo.com/lifestyle/michael-b-jordan-reveals-keeps-175005083.html
michael/michael_5.jpg,michael,michael_5.jpg,https://people.com/movies/michael-b-jordan-relationship-will-happen-when-supposed-to-happen/
ntr/ntr_1.jpeg,ntr,ntr_1.jpeg,https://in.bookmyshow.com/person/jr-ntr/15411
ntr/ntr_2.jpeg,ntr,ntr_2.jpeg,https://x.com/cinecorndotcom/status/1759523104974619089
ntr/ntr_3.jpeg,ntr,ntr_3.jpeg,https://www.deccanchronicle.com/entertainment/tollywood/170216/rs-3-crore-for-the-jr-ntr-s-upcoming-film-set-of-a-garage.html
ntr/ntr_4.jpeg,ntr,ntr_4.jpeg,https://lk.bookmyshow.com/person/jr-ntr/3469
ntr/ntr_5.jpeg,ntr,ntr_5.jpeg,https://goldhouse.org/people/n-t-rama-rao-jr/
park/park_1.jpg,park,park_1.jpg,https://www.imdb.com/name/nm6124994/
park/park_2.jpeg,park,park_2.jpeg,https://www.instagram.com/p/DULkVI-EUo3/?img_index=4
park/park_3.jpeg,park,park_3.jpeg,https://x.com/melloviciousiu/status/964381169541246978
park/park_4.jpeg,park,park_4.jpeg,https://nationaltoday.com/birthday/park-seo-joon/
park/park_5.jpeg,park,park_5.jpeg,https://www.facebook.com/GiaAllana/posts/park-seo-joon-is-confirmed-as-the-newest-endorser-of-smart-communications-inc-fo/3048325208607383/
patrick/patrick_1.jpeg,patrick,patrick_1.jpeg,https://dexter.fandom.com/wiki/Patrick_Dempsey
patrick/patrick_2.jpeg,patrick,patrick_2.jpeg,https://en.wikipedia.org/wiki/Patrick_Dempsey
patrick/patrick_3.jpeg,patrick,patrick_3.jpeg,https://www.futureofpersonalhealth.com/hospice-care/patrick-dempsey-pushes-to-provide-care-to-cancer-caregivers-and-patients-alike/
patrick/patrick_4.jpeg,patrick,patrick_4.jpeg,https://scream.fandom.com/wiki/Patrick_Dempsey
patrick/patrick_5.jpg,patrick,patrick_5.jpg,https://www.imdb.com/name/nm0001131/
pedro/pedro_1.jpeg,pedro,pedro_1.jpeg,https://www.britannica.com/biography/Pedro-Pascal
pedro/pedro_2.jpeg,pedro,pedro_2.jpeg,https://en.wikipedia.org/wiki/Pedro_Pascal
pedro/pedro_3.jpeg,pedro,pedro_3.jpeg,https://www.broadway.com/buzz/stars/pedro-pascal/profile/
pedro/pedro_4.jpeg,pedro,pedro_4.jpeg,https://www.imdb.com/news/ni63897221/
pedro/pedro_5.jpeg,pedro,pedro_5.jpeg,https://sweet.tv/en/actor/74267-pedro-pascal
rachel/rachel_1.jpg,rachel,rachel_1.jpg,https://www.imdb.com/name/nm1046097/
rachel/rachel_2.jpeg,rachel,rachel_2.jpeg,https://www.britannica.com/biography/Rachel-McAdams
rachel/rachel_3.jpeg,rachel,rachel_3.jpeg,https://www.rottentomatoes.com/celebrity/rachel_mcadams
rachel/rachel_4.jpeg,rachel,rachel_4.jpeg,https://commons.wikimedia.org/wiki/File:Rachel_McAdams_3.jpg
rachel/rachel_5.jpeg,rachel,rachel_5.jpeg,https://br.pinterest.com/pin/pinterest--862087553685674919/
zen/zen_1.jpeg,zen,zen_1.jpeg,https://ast.wikipedia.org/wiki/Zendaya
zen/zen_2.jpeg,zen,zen_2.jpeg,https://www.teenvogue.com/story/zendaya-sarah-shears-hair-color-refresh-fall
zen/zen_3.png,zen,zen_3.png,https://www.gq.com/story/zendaya-euphoria-season-3-one-million-dollars-per-episode-salary
zen/zen_4.jpeg,zen,zen_4.jpeg,https://www.instagram.com/p/DNN06I2sRr0/
zen/zen_5.jpeg,zen,zen_5.jpeg,https://www.vogue.com/article/zendaya-vivienne-westwood-corset
